36697,,Все,ВЕСЬ,APRO - nom pl plen - -,,,"   _Все_ новости , которые",е,с,в,,,,APRO,ВЕСЬ,A - nom pl plen - -,Ь
36698,,новости,НОВОСТЬ,S f inan nom pl,,,"  Все _новости_ , которые вы",и,т,с,о,в,о,S,НОВОСТЬ,S f inan nom pl,Ь
36699,,",",",",PUNCT,,,,,,,,,,PUNCT,,,
36700,,которые,КОТОРЫЙ,APRO - nom pl plen - -,,,"Все новости , _которые_ вы видите из",е,ы,р,о,т,о,APRO,КОТОРЫЙ,A - nom pl plen - -,Й
36701,,вы,ВЫ,SPRO pl 2p - nom,,,"новости , которые _вы_ видите из Канады",ы,в,,,,,SPRO,ВЫ,SPRO pl 2p - nom,Ы
36702,,видите,ВИДЕТЬ,V ipf praes pl indic - 2p,,,", которые вы _видите_ из Канады это",е,т,и,д,и,в,V,ВИДЕТЬ,V ipf praes pl indic - 2p,Ь
36703,,из,ИЗ,PR,,,которые вы видите _из_ Канады это типа,з,и,,,,,PR,ИЗ,PR,З
36704,,Канады,КАНАДА,S f inan gen sg,,,вы видите из _Канады_ это типа э,ы,д,а,н,а,к,S,КАНАДА,S f inan gen sg,А
36705,,это,ЭТО,PART,,,видите из Канады _это_ типа э новости,о,т,э,,,,PART,ЭТО,S n - acc sg,О
36706,,типа,ТИПА,PART,,,"из Канады это _типа_ э новости ,",а,п,и,т,,,PART,ТИПА,PART,А
36707,,э,Э,INTJ,,,"Канады это типа _э_ новости , что",э,,,,,,INTJ,Э,INTJ,Э
36708,,новости,НОВОСТЬ,S f inan acc pl,,,"это типа э _новости_ , что ну",и,т,с,о,в,о,S,НОВОСТЬ,S f inan acc pl,Ь
36709,,",",",",PUNCT,,,,,,,,,,PUNCT,,,
36710,,что,ЧТО,CONJ,,,"э новости , _что_ ну какой нибудь",о,т,ч,,,,CONJ,ЧТО,CONJ,О
36711,,ну,НУ,PART,,,"новости , что _ну_ какой нибудь полицейский",у,н,,,,,PART,НУ,PART,У
36712,,какой,КАКОЙ,APRO - nom sg plen m -,слитно,,", что ну _какой_ нибудь полицейский взял",й,о,к,а,к,,APRO,КАКОЙ,A - nom sg plen m -,Й
36713,,нибудь,НИБУДЬ,ADV -,слитно,,что ну какой _нибудь_ полицейский взял и,ь,д,у,б,и,н,ADV,НИБУДЬ,ADV -,Ь
36714,,полицейский,ПОЛИЦЕЙСКИЙ,S m anim nom sg,,,ну какой нибудь _полицейский_ взял и перенес,й,и,к,с,й,е,S,ПОЛИЦЕЙСКИЙ,S m anim nom sg,Й
36715,,взял,ВЗЯТЬ,V pf praet sg indic m -,,,какой нибудь полицейский _взял_ и перенес котенка,л,я,з,в,,,V,ВЗЯТЬ,V pf praet sg indic m -,Ь
36716,,и,И,CONJ,,,нибудь полицейский взял _и_ перенес котенка через,и,,,,,,CONJ,И,CONJ,И
36717,,перенес,ПЕРЕНЕСТИ,V pf praet sg indic m -,,,полицейский взял и _перенес_ котенка через дорогу,с,е,н,е,р,е,V,ПЕРЕНЕСТИ,V pf praet sg indic m -,И
36718,,котенка,КОТЕНОК,S m anim nom sg,,,взял и перенес _котенка_ через дорогу просто,а,к,н,е,т,о,S,КОТЕНОК,S f inan nom sg,К
36719,,через,ЧЕРЕЗ,PR,,,и перенес котенка _через_ дорогу просто потому что,з,е,р,е,ч,,PR,ЧЕРЕЗ,PR,З
36720,,дорогу,ДОРОГА,S f inan acc sg,,,перенес котенка через _дорогу_ просто потому что он,у,г,о,р,о,д,S,ДОРОГА,S f inan acc sg,А
36721,,просто,ПРОСТО,PART,,,котенка через дорогу _просто_ потому что он может,о,т,с,о,р,п,PART,ПРОСТО,PART,О
36722,,потому что,потому что,CONJ,,,через дорогу просто _потому что_ он может .,о,т,ч, ,у,м,CONJ,потому что,CONJ,о
36723,,он,ОН,SPRO sg 3p m nom,,,дорогу просто потому что _он_ может . ,н,о,,,,,SPRO,ОН,SPRO sg 3p m nom,Н
36724,,может,МОЧЬ,V ipf praes sg indic - 3p,,,просто потому что он _может_ .  ,т,е,ж,о,м,,V,МОЧЬ,V ipf praes sg indic - 3p,Ь
36725,,.,.,PUNCT,,,,,,,,,,PUNCT,,,
36726,,,,,,,,,,,,,,,,,
36727,# sent = 2761,,,,,,,,,,,,,,,,
36728,,Ааа,ААА,INTJ,,,.   _Ааа_ еще там два,а,а,а,,,,INTJ,ААА,S m inan nonflex -,А
36729,,еще,ЕЩЕ,ADV -,,,  Ааа _еще_ там два языка,е,щ,е,,,,ADV,ЕЩЕ,ADV -,Е
36730,,там,ТАМ,ADV -,,," Ааа еще _там_ два языка ,",м,а,т,,,,ADV,ТАМ,ADV -,М
36731,,два,ДВА,NUM nom m inan,,,"Ааа еще там _два_ языка , это",а,в,д,,,,NUM,ДВА,NUM acc m inan,А
36732,,языка,ЯЗЫК,S m inan gen sg,,,"еще там два _языка_ , это важно",а,к,ы,з,я,,S,ЯЗЫК,S m inan gen sg,К
36733,,",",",",PUNCT,,,,,,,,,,PUNCT,,,
36734,,это,ЭТО,SPRO n - nom sg,,,"два языка , _это_ важно , французский",о,т,э,,,,SPRO,ЭТО,S n - nom sg,О
36735,,важно,ВАЖНО,ADV -,,,"языка , это _важно_ , французский ,",о,н,ж,а,в,,A,ВАЖНЫЙ,A - - sg brev n -,О
36736,,",",",",PUNCT,,,,,,,,,,PUNCT,,,
36737,,французский,ФРАНЦУЗСКИЙ,A - nom sg plen m -,,,"это важно , _французский_ , английский .",й,и,к,с,з,у,A,ФРАНЦУЗСКИЙ,A - nom sg plen m -,Й
36738,,",",",",PUNCT,,,,,,,,,,PUNCT,,,
36739,,английский,АНГЛИЙСКИЙ,A - nom sg plen m -,,,", французский , _английский_ .  ",й,и,к,с,й,и,A,АНГЛИЙСКИЙ,A - nom sg plen m -,Й
36740,,.,.,PUNCT,,,,,,,,,,PUNCT,,,
36741,,,,,,,,,,,,,,,,,
36742,# sent = 2762,,,,,,,,,,,,,,,,
36743,,Французский,ФРАНЦУЗСКИЙ,A - nom sg plen m -,,,".   _Французский_ , потому что красиво",й,и,к,с,з,у,A,ФРАНЦУЗСКИЙ,A - nom sg plen m -,Й
36744,,",",",",PUNCT,,,,,,,,,,PUNCT,,,
36745,,потому что,потому что,CONJ,,," Французский , _потому что_ красиво , английский",о,т,ч, ,у,м,CONJ,потому что,CONJ,о
36746,,красиво,КРАСИВО,ADV -,,,"Французский , потому что _красиво_ , английский ,",о,в,и,с,а,р,A,КРАСИВЫЙ,A - - sg brev n -,О
36747,,",",",",PUNCT,,,,,,,,,,PUNCT,,,
36748,,английский,АНГЛИЙСКИЙ,A - nom sg plen m -,,,"потому что красиво , _английский_ , потому что это",й,и,к,с,й,и,A,АНГЛИЙСКИЙ,A - nom sg plen m -,Й
36749,,",",",",PUNCT,,,,,,,,,,PUNCT,,,
36750,,потому что,потому что,CONJ,,,", английский , _потому что_ это язык международной",о,т,ч, ,у,м,CONJ,потому что,CONJ,о
36751,,это,ЭТО,SPRO n - nom sg,,,"английский , потому что _это_ язык международной коммуникации",о,т,э,,,,SPRO,ЭТО,S n - nom sg,О
36752,,язык,ЯЗЫК,S m inan nom sg,,,", потому что это _язык_ международной коммуникации .",к,ы,з,я,,,S,ЯЗЫК,S m inan nom sg,К
36753,,международной,МЕЖДУНАРОДНЫЙ,A - gen sg plen f -,,,потому что это язык _международной_ коммуникации . ,й,о,н,д,о,р,A,МЕЖДУНАРОДНЫЙ,A - gen sg plen f -,Й
36754,,коммуникации,КОММУНИКАЦИЯ,S f inan gen sg,,,это язык международной _коммуникации_ .  ,и,и,ц,а,к,и,S,КОММУНИКАЦИЯ,S f inan gen sg,Я
36755,,.,.,PUNCT,,,,,,,,,,PUNCT,,,
36756,,,,,,,,,,,,,,,,,
36757,# sent = 2763,,,,,,,,,,,,,,,,
36758,,Ээээ,ЭЭЭЭ,INTJ,,,.   _Ээээ_ вот хорошая страна,э,э,э,э,,,NONLEX,ЭЭЭЭ,NONLEX,Э
36759,,вот,ВОТ,PART,,,  Ээээ _вот_ хорошая страна Канада,т,о,в,,,,PART,ВОТ,PART,Т
36760,,хорошая,ХОРОШИЙ,A - nom sg plen f -,,, Ээээ вот _хорошая_ страна Канада эээ,я,а,ш,о,р,о,A,ХОРОШИЙ,A - nom sg plen f -,Й
36761,,страна,СТРАНА,S f inan nom sg,,,Ээээ вот хорошая _страна_ Канада эээ Но,а,н,а,р,т,с,S,СТРАНА,S f inan nom sg,А
36762,,Канада,КАНАДА,S f inan nom sg,,,"вот хорошая страна _Канада_ эээ Но ,",а,д,а,н,а,к,S,КАНАДА,S f inan nom sg,А
36763,,эээ,ЭЭЭ,INTJ,,,"хорошая страна Канада _эээ_ Но , но",э,э,э,,,,NONLEX,ЭЭЭ,NONLEX,Э
36764,,Но,НО,INTJ,,,"страна Канада эээ _Но_ , но ",о,н,,,,,INTJ,НО,INTJ,О
36765,,",",",",PUNCT,,,,,,,,,,PUNCT,,,
36766,,но,НО,CONJ,,,"эээ Но , _но_  воээ ",о,н,,,,,CONJ,НО,CONJ,О
36767,"<distinct form=""",,,,,,,,,,,,,,,,
36768,<dist>,воээ,,,,,,,,,,,,,,,
36769,""">",,,,,,,,,,,,,,,,
36770,,вот,ВОТ,PART,,, воээ  _вот_  ... ваше,т,о,в,,,,PART,ВОТ,PART,Т
36771,</distinct>,,,,,,,,,,,,,,,,
36772,,...,...,PUNCT,,,,,,,,,,PUNCT,,,
36773,,ваше,ВАШ,APRO - nom sg plen n -,,,"вот  ... _ваше_ здоровье , прикрыли",е,ш,а,в,,,APRO,ВАШ,A - nom sg plen n -,Ш
36774,,здоровье,ЗДОРОВЬЕ,S n inan acc sg,,," ... ваше _здоровье_ , прикрыли камеру",е,ь,в,о,р,о,S,ЗДОРОВЬЕ,S n inan acc sg,Е
36775,,",",",",PUNCT,,,,,,,,,,PUNCT,,,
36776,,прикрыли,ПРИКРЫТЬ,V pf praet pl indic - -,,,"ваше здоровье , _прикрыли_ камеру , молодец",и,л,ы,р,к,и,V,ПРИКРЫТЬ,V pf praet pl indic - -,Ь
36777,,камеру,КАМЕРА,S f inan acc sg,,,"здоровье , прикрыли _камеру_ , молодец Тимофей",у,р,е,м,а,к,S,КАМЕРА,S f inan acc sg,А
36778,,",",",",PUNCT,,,,,,,,,,PUNCT,,,
36779,,молодец,МОЛОДЕЦ,S m anim nom sg,,,"прикрыли камеру , _молодец_ Тимофей во второй",ц,е,д,о,л,о,S,МОЛОДЕЦ,S m anim nom sg,Ц
36780,,Тимофей,ТИМОФЕЙ,S m anim nom sg,,,"камеру , молодец _Тимофей_ во второй мировой",й,е,ф,о,м,и,S,ТИМОФЕЙ,S m anim nom sg,Й
36781,,во,ВО,PR,,,", молодец Тимофей _во_ второй мировой войне",о,в,,,,,PR,ВО,PR,О
36782,,второй,ВТОРОЙ,ANUM - acc sg plen m inan,,,молодец Тимофей во _второй_ мировой войне Канада,й,о,р,о,т,в,ANUM,ВТОРОЙ,A - acc sg plen m inan,Й
36783,,мировой,МИРОВОЙ,A - gen sg plen f -,,,Тимофей во второй _мировой_ войне Канада при,й,о,в,о,р,и,A,МИРОВОЙ,A - gen sg plen f -,Й
36784,,войне,ВОЙНА,S f inan loc sg,,,во второй мировой _войне_ Канада при этом,е,н,й,о,в,,S,ВОЙНА,S f inan loc sg,А
36785,,Канада,КАНАДА,S f inan nom sg,,,второй мировой войне _Канада_ при этом участвовала,а,д,а,н,а,к,S,КАНАДА,S f inan nom sg,А
36786,,при,ПРИ,PR,,,мировой войне Канада _при_ этом участвовала хотя,и,р,п,,,,PR,ПРИ,PR,И
36787,,этом,ЭТО,SPRO n - loc sg,,,войне Канада при _этом_ участвовала хотя косвенно,м,о,т,э,,,SPRO,ЭТО,S n - loc sg,О
36788,,участвовала,УЧАСТВОВАТЬ,V ipf praet sg indic f -,,,"Канада при этом _участвовала_ хотя косвенно ,",а,л,а,в,о,в,V,УЧАСТВОВАТЬ,V ipf praet sg indic f -,Ь
36789,,хотя,ХОТЯ,CONJ,,,"при этом участвовала _хотя_ косвенно , это",я,т,о,х,,,CONJ,ХОТЯ,CONJ,Я
36790,,косвенно,КОСВЕННО,ADV -,,,"этом участвовала хотя _косвенно_ , это важно",о,н,н,е,в,с,ADV,КОСВЕННО,ADV -,О
36791,,",",",",PUNCT,,,,,,,,,,PUNCT,,,
36792,,это,ЭТО,SPRO n - nom sg,,,"хотя косвенно , _это_ важно . ",о,т,э,,,,SPRO,ЭТО,S n - nom sg,О
36793,,важно,ВАЖНО,ADV -,,,"косвенно , это _важно_ .  ",о,н,ж,а,в,,A,ВАЖНЫЙ,A - - sg brev n -,О
36794,,.,.,PUNCT,,,,,,,,,,PUNCT,,,
36795,,,,,,,,,,,,,,,,,
36796,# sent = 2764,,,,,,,,,,,,,,,,
36797,,Французская,ФРАНЦУЗСКИЙ,A - nom sg plen f -,,,".   _Французская_ революция , что",я,а,к,с,з,у,A,ФРАНЦУЗСКИЙ,A - nom sg plen f -,Й
36798,,революция,РЕВОЛЮЦИЯ,S f inan nom sg,,,"  Французская _революция_ , что я",я,и,ц,ю,л,о,S,РЕВОЛЮЦИЯ,S f inan nom sg,Я
36799,,",",",",PUNCT,,,,,,,,,,PUNCT,,,
36800,,что,ЧТО,CONJ,,,"Французская революция , _что_ я могу сказать",о,т,ч,,,,CONJ,ЧТО,CONJ,О
36801,,я,Я,SPRO sg 1p - nom,,,"революция , что _я_ могу сказать про",я,,,,,,SPRO,Я,SPRO sg 1p - nom,Я
36802,,могу,МОЧЬ,V ipf praes sg indic - 1p,,,", что я _могу_ сказать про французскую",у,г,о,м,,,V,МОЧЬ,V ipf praes sg indic - 1p,Ь
36803,,сказать,СКАЗАТЬ,V pf - - inf - -,,,что я могу _сказать_ про французскую революцию,ь,т,а,з,а,к,V,СКАЗАТЬ,V pf - - inf - -,Ь
36804,,про,ПРО,PR,,,"я могу сказать _про_ французскую революцию ,",о,р,п,,,,PR,ПРО,PR,О
36805,,французскую,ФРАНЦУЗСКИЙ,A - acc sg plen f -,,,"могу сказать про _французскую_ революцию , э",ю,у,к,с,з,у,A,ФРАНЦУЗСКИЙ,A - acc sg plen f -,Й
36806,,революцию,РЕВОЛЮЦИЯ,S f inan acc sg,,,"сказать про французскую _революцию_ , э французская",ю,и,ц,ю,л,о,S,РЕВОЛЮЦИЯ,S f inan acc sg,Я
36807,,",",",",PUNCT,,,,,,,,,,PUNCT,,,
36808,,э,Э,INTJ,,,"французскую революцию , _э_ французская революция ,",э,,,,,,INTJ,Э,S - - nonflex -,Э
36809,,французская,ФРАНЦУЗСКИЙ,A - nom sg plen f -,,,"революцию , э _французская_ революция , хотя",я,а,к,с,з,у,A,ФРАНЦУЗСКИЙ,A - nom sg plen f -,Й
36810,,революция,РЕВОЛЮЦИЯ,S f inan nom sg,,,", э французская _революция_ , хотя это",я,и,ц,ю,л,о,S,РЕВОЛЮЦИЯ,S f inan nom sg,Я
36811,,",",",",PUNCT,,,,,,,,,,PUNCT,,,
36812,,хотя,ХОТЯ,CONJ,,,"французская революция , _хотя_ это была не",я,т,о,х,,,CONJ,ХОТЯ,CONJ,Я
36813,,это,ЭТО,SPRO n - nom sg,,,"революция , хотя _это_ была не первая",о,т,э,,,,SPRO,ЭТО,S n - nom sg,О
36814,,была,БЫТЬ,V ipf praet sg indic f -,,,", хотя это _была_ не первая революция",а,л,ы,б,,,V,БЫТЬ,V ipf praet sg indic f -,Ь
36815,,не,НЕ,PART,,,"хотя это была _не_ первая революция ,",е,н,,,,,PART,НЕ,PART,Е
36816,,первая,ПЕРВЫЙ,ANUM - nom sg plen f -,,,"это была не _первая_ революция , как",я,а,в,р,е,п,A,ПЕРВЫЙ,A - nom sg plen f -,Й
36817,,революция,РЕВОЛЮЦИЯ,S f inan nom sg,,,"была не первая _революция_ , как некоторые",я,и,ц,ю,л,о,S,РЕВОЛЮЦИЯ,S f inan nom sg,Я
36818,,",",",",PUNCT,,,,,,,,,,PUNCT,,,
36819,,как,КАК,CONJ,,,"первая революция , _как_ некоторые говорят .",к,а,к,,,,CONJ,КАК,CONJ,К
36820,,некоторые,НЕКОТОРЫЕ,SPRO - nom pl,,,"революция , как _некоторые_ говорят . ",е,ы,р,о,т,о,S,НЕКОТОРЫЕ,S - - nom pl,Е
36821,,говорят,ГОВОРИТЬ,V ipf praes pl indic - 3p,,,", как некоторые _говорят_ .  ",т,я,р,о,в,о,V,ГОВОРИТЬ,V ipf praes pl indic - 3p,Ь
36822,,.,.,PUNCT,,,,,,,,,,PUNCT,,,
36823,,,,,,,,,,,,,,,,,
36824,# sent = 2765,,,,,,,,,,,,,,,,
36825,,Ты,ТЫ,SPRO sg 2p - nom,,,".   _Ты_ так думаешь ,",ы,т,,,,,SPRO,ТЫ,SPRO sg 2p - nom,Ы
36826,,так,ТАК,ADV -,,,"  Ты _так_ думаешь , что",к,а,т,,,,ADV,ТАК,ADV -,К
36827,,думаешь,ДУМАТЬ,V ipf praes sg indic - 2p,,," Ты так _думаешь_ , что ..?",ь,ш,е,а,м,у,V,ДУМАТЬ,V ipf praes sg indic - 2p,Ь
36828,,",",",",PUNCT,,,,,,,,,,PUNCT,,,
36829,,что,ЧТО,SPRO n inan acc sg,,,"так думаешь , _что_ ..?  ",о,т,ч,,,,SPRO,ЧТО,S n inan acc sg,О
36830,,..?,..?,PUNCT,,,,,,,,,,PUNCT,,,
36831,,,,,,,,,,,,,,,,,
36832,# sent = 2766,,,,,,,,,,,,,,,,
36833,,А,А,CONJ,,,"..?   _А_ нет , короче",а,,,,,,CONJ,А,CONJ,А
36834,,нет,НЕТ,PART,,,"  А _нет_ , короче ,",т,е,н,,,,PART,НЕТ,PART,Т
36835,,",",",",PUNCT,,,,,,,,,,PUNCT,,,
36836,,короче,КОРОЧЕ,PARENTH,,,"А нет , _короче_ , французская революция",е,ч,о,р,о,к,ADV,КОРОЧЕ,ADV comp,Е
36837,,",",",",PUNCT,,,,,,,,,,PUNCT,,,
36838,,французская,ФРАНЦУЗСКИЙ,A - nom sg plen f -,,,", короче , _французская_ революция была не",я,а,к,с,з,у,A,ФРАНЦУЗСКИЙ,A - nom sg plen f -,Й
36839,,революция,РЕВОЛЮЦИЯ,S f inan nom sg,,,"короче , французская _революция_ была не первая",я,и,ц,ю,л,о,S,РЕВОЛЮЦИЯ,S f inan nom sg,Я
36840,,была,БЫТЬ,V ipf praet sg indic f -,,,", французская революция _была_ не первая ,",а,л,ы,б,,,V,БЫТЬ,V ipf praet sg indic f -,Ь
36841,,не,НЕ,PART,,,"французская революция была _не_ первая , но",е,н,,,,,PART,НЕ,PART,Е
36842,,первая,ПЕРВЫЙ,ANUM - nom sg plen f -,,,"революция была не _первая_ , но именно",я,а,в,р,е,п,A,ПЕРВЫЙ,A - nom sg plen f -,Й
36843,,",",",",PUNCT,,,,,,,,,,PUNCT,,,
36844,,но,НО,CONJ,,,"не первая , _но_ именно она оказала",о,н,,,,,CONJ,НО,CONJ,О
36845,,именно,ИМЕННО,PART,,,"первая , но _именно_ она оказала большое",о,н,н,е,м,и,PART,ИМЕННО,PART,О
36846,,она,ОНА,SPRO sg 3p f nom,,,", но именно _она_ оказала большое влияние",а,н,о,,,,SPRO,ОНА,SPRO sg 3p f nom,А
36847,,оказала,ОКАЗАТЬ,V pf praet sg indic f -,,,но именно она _оказала_ большое влияние на,а,л,а,з,а,к,V,ОКАЗАТЬ,V pf praet sg indic f -,Ь
36848,,большое,БОЛЬШОЙ,A - acc sg plen n inan,,,именно она оказала _большое_ влияние на всемирную,е,о,ш,ь,л,о,A,БОЛЬШОЙ,A - acc sg plen n inan,Й
36849,,влияние,ВЛИЯНИЕ,S n inan acc sg,,,она оказала большое _влияние_ на всемирную всемирные,е,и,н,я,и,л,S,ВЛИЯНИЕ,S n inan acc sg,Е
36850,,на,НА,PR,,,оказала большое влияние _на_ всемирную всемирные революции,а,н,,,,,PR,НА,PR,А
36851,,всемирную,ВСЕМИРНЫЙ,A - acc sg plen f -,,,"большое влияние на _всемирную_ всемирные революции ,",ю,у,н,р,и,м,A,ВСЕМИРНЫЙ,A - acc sg plen f -,Й
36852,,всемирные,ВСЕМИРНЫЙ,A - acc pl plen - inan,,,"влияние на всемирную _всемирные_ революции , ну",е,ы,н,р,и,м,A,ВСЕМИРНЫЙ,A - nom pl plen - -,Й
36853,,революции,РЕВОЛЮЦИЯ,S f inan nom pl,,,"на всемирную всемирные _революции_ , ну то есть",и,и,ц,ю,л,о,S,РЕВОЛЮЦИЯ,S f inan nom pl,Я
36854,,",",",",PUNCT,,,,,,,,,,PUNCT,,,
36855,,ну,НУ,PART,,,"всемирные революции , _ну_ то есть ээ волна",у,н,,,,,PART,НУ,PART,У
36856,,то есть,то есть,CONJ,раздельно,,"революции , ну _то есть_ ээ волна революций",ь,т,с,е, ,о,CONJ,то есть,ADV -,ь
36857,,ээ,ЭЭ,INTJ,,,", ну то есть _ээ_ волна революций в",э,э,,,,,NONLEX,ЭЭ,NONLEX,Э
36858,,волна,ВОЛНА,S f inan nom sg,,,ну то есть ээ _волна_ революций в сорок,а,н,л,о,в,,S,ВОЛНА,S f inan nom sg,А
36859,,революций,РЕВОЛЮЦИЯ,S f inan gen pl,,,то есть ээ волна _революций_ в сорок восьмом,й,и,ц,ю,л,о,S,РЕВОЛЮЦИЯ,S f inan gen pl,Я
36860,,в,В,PR,,,ээ волна революций _в_ сорок восьмом сорок,в,,,,,,PR,В,PR,В
36861,,сорок,СОРОК,NUM acc - -,,,волна революций в _сорок_ восьмом сорок ,к,о,р,о,с,,NUM,СОРОК,NUM acc - -,К
36862,,восьмом,ВОСЬМОЙ,ANUM - loc sg plen m -,,,революций в сорок _восьмом_ сорок  д,м,о,м,ь,с,о,ANUM,ВОСЬМОЙ,A - loc sg plen m -,Й
36863,,сорок,СОРОК,NUM acc - -,,,в сорок восьмом _сорок_  д ,к,о,р,о,с,,NUM,СОРОК,NUM acc - -,К
36864,"<distinct form=""",,,,,,,,,,,,,,,,
36865,<dist>,д,,,,,,,,,,,,,,,
36866,""">",,,,,,,,,,,,,,,,
36867,,девятом,ДЕВЯТЫЙ,ANUM - loc sg plen m -,,, д  _девятом_  .. тыща,м,о,т,я,в,е,ANUM,ДЕВЯТЫЙ,A - loc sg plen m -,Й
36868,</distinct>,,,,,,,,,,,,,,,,
36869,,..,..,PUNCT,,,,,,,,,,PUNCT,,,
36870,,тыща,ТЫСЯЧА,S f inan nom -,,,девятом  .. _тыща_ восемьсот сорок восьмом,а,щ,ы,т,,,S,ТЫЩА,S f inan nom -,А
36871,,восемьсот,ВОСЕМЬСОТ,NUM - - -,,, .. тыща _восемьсот_ сорок восьмом сорок,т,о,с,ь,м,е,NUM,ВОСЕМЬСОТ,NUM - - -,Т
36872,,сорок,СОРОК,NUM acc - -,,,.. тыща восемьсот _сорок_ восьмом сорок девятом,к,о,р,о,с,,NUM,СОРОК,NUM acc - -,К
36873,,восьмом,ВОСЬМОЙ,ANUM - loc sg plen m -,,,тыща восемьсот сорок _восьмом_ сорок девятом годах,м,о,м,ь,с,о,ANUM,ВОСЬМОЙ,A - loc sg plen m -,Й
36874,,сорок,СОРОК,NUM acc - -,,,восемьсот сорок восьмом _сорок_ девятом годах э,к,о,р,о,с,,NUM,СОРОК,NUM acc - -,К
36875,,девятом,ДЕВЯТЫЙ,ANUM - loc sg plen m -,,,сорок восьмом сорок _девятом_ годах э это,м,о,т,я,в,е,ANUM,ДЕВЯТЫЙ,A - loc sg plen m -,Й
36876,,годах,ГОД,S m inan loc pl,,,восьмом сорок девятом _годах_ э это в,х,а,д,о,г,,S,ГОД,S m inan loc pl,Д
36877,,э,Э,INTJ,,,сорок девятом годах _э_ это в какой,э,,,,,,INTJ,Э,S f inan nonflex -,Э
36878,,это,ЭТО,SPRO n - nom sg,,,девятом годах э _это_ в какой то,о,т,э,,,,SPRO,ЭТО,S n - nom sg,О
36879,,в,В,PR,,,годах э это _в_ какой то степени,в,,,,,,PR,В,PR,В
36880,,какой,КАКОЙ,APRO - ins sg plen f -,,,э это в _какой_ то степени отклик,й,о,к,а,к,,APRO,КАКОЙ,A - ins sg plen f -,Й
36881,,то,ТО,PART,,,это в какой _то_ степени отклик французской,о,т,,,,,PART,ТО,CONJ,О
36882,,степени,СТЕПЕНЬ,S f inan gen sg,,,в какой то _степени_ отклик французской революции,и,н,е,п,е,т,S,СТЕПЕНЬ,S f inan gen sg,Ь
36883,,отклик,ОТКЛИК,S m inan acc sg,,,какой то степени _отклик_ французской революции .,к,и,л,к,т,о,S,ОТКЛИК,S m inan acc sg,К
36884,,французской,ФРАНЦУЗСКИЙ,A - gen sg plen f -,,,то степени отклик _французской_ революции . ,й,о,к,с,з,у,A,ФРАНЦУЗСКИЙ,A - gen sg plen f -,Й
36885,,революции,РЕВОЛЮЦИЯ,S f inan gen sg,,,степени отклик французской _революции_ .  ,и,и,ц,ю,л,о,S,РЕВОЛЮЦИЯ,S f inan gen sg,Я
36886,,.,.,PUNCT,,,,,,,,,,PUNCT,,,
36887,,,,,,,,,,,,,,,,,
36888,# sent = 2767,,,,,,,,,,,,,,,,
36889,,Причем,ПРИЧЕМ,CONJ,,,.   _Причем_ не столько великой,м,е,ч,и,р,п,CONJ,ПРИЧЕМ,CONJ,М
36890,,не,НЕ,PART,,,  Причем _не_ столько великой французской,е,н,,,,,PART,НЕ,PART,Е
36891,,столько,СТОЛЬКО,NUM acc - -,,, Причем не _столько_ великой французской революции,о,к,ь,л,о,т,NUM,СТОЛЬКО,NUM acc - -,О
36892,,великой,ВЕЛИКИЙ,A - gen sg plen f -,,,"Причем не столько _великой_ французской революции ,",й,о,к,и,л,е,A,ВЕЛИКИЙ,A - gen sg plen f -,Й
36893,,французской,ФРАНЦУЗСКИЙ,A - gen sg plen f -,,,"не столько великой _французской_ революции , сколько",й,о,к,с,з,у,A,ФРАНЦУЗСКИЙ,A - gen sg plen f -,Й
36894,,революции,РЕВОЛЮЦИЯ,S f inan gen sg,,,"столько великой французской _революции_ , сколько французской",и,и,ц,ю,л,о,S,РЕВОЛЮЦИЯ,S f inan gen sg,Я
36895,,",",",",PUNCT,,,,,,,,,,PUNCT,,,
36896,,сколько,СКОЛЬКО,CONJ,,,"французской революции , _сколько_ французской революции для",о,к,ь,л,о,к,CONJ,СКОЛЬКО,CONJ,О
36897,,французской,ФРАНЦУЗСКИЙ,A - gen sg plen f -,,,"революции , сколько _французской_ революции для начала",й,о,к,с,з,у,A,ФРАНЦУЗСКИЙ,A - gen sg plen f -,Й
36898,,революции,РЕВОЛЮЦИЯ,S f inan gen sg,,,", сколько французской _революции_ для начала тыща",и,и,ц,ю,л,о,S,РЕВОЛЮЦИЯ,S f inan gen sg,Я
36899,,для,ДЛЯ,PR,,,сколько французской революции _для_ начала тыща восемсот,я,л,д,,,,PR,ДЛЯ,PR,Я
36900,,начала,НАЧАЛО,S n inan gen sg,,,французской революции для _начала_ тыща восемсот тридцатого,а,л,а,ч,а,н,S,НАЧАЛО,S n inan gen sg,О
36901,,тыща,ТЫСЯЧА,S f inan nom -,,,революции для начала _тыща_ восемсот тридцатого года,а,щ,ы,т,,,S,ТЫЩА,S f inan nom -,А
36902,,восемсот,ВОСЕМСОТ,S m anim nom sg,,,"для начала тыща _восемсот_ тридцатого года ,",т,о,с,м,е,с,S,ВОСЕМСОТ,S m anim nom sg,Т
36903,,тридцатого,ТРИДЦАТЫЙ,ANUM - gen sg plen m -,,,"начала тыща восемсот _тридцатого_ года , которая",о,г,о,т,а,ц,ANUM,ТРИДЦАТЫЙ,A - gen sg plen m -,Й
36904,,года,ГОД,S m inan gen sg,,,"тыща восемсот тридцатого _года_ , которая ...",а,д,о,г,,,S,ГОД,S m inan gen sg,Д
36905,,",",",",PUNCT,,,,,,,,,,PUNCT,,,
36906,,которая,КОТОРЫЙ,APRO - nom sg plen f -,,,"тридцатого года , _которая_ ... не важно",я,а,р,о,т,о,APRO,КОТОРЫЙ,A - nom sg plen f -,Й
36907,,...,...,PUNCT,,,,,,,,,,PUNCT,,,
36908,,не,НЕ,PART,,,", которая ... _не_ важно , аа",е,н,,,,,PART,НЕ,PART,Е
36909,,важно,ВАЖНО,ADV -,,,"которая ... не _важно_ , аа потом",о,н,ж,а,в,,A,ВАЖНО,ADV -,О
36910,,",",",",PUNCT,,,,,,,,,,PUNCT,,,
36911,,аа,АА,INTJ,,,"не важно , _аа_ потом тыща восемьсот",а,а,,,,,INTJ,АА,NONLEX,А
36912,,потом,ПОТОМ,ADV -,,,"важно , аа _потом_ тыща восемьсот сорок",м,о,т,о,п,,ADV,ПОТОМ,ADV -,М
36913,,тыща,ТЫСЯЧА,S f inan nom sg,,,", аа потом _тыща_ восемьсот сорок восьмого",а,щ,ы,т,,,S,ТЫЩА,S f inan nom sg,А
36914,,восемьсот,ВОСЕМЬСОТ,NUM - - -,,,аа потом тыща _восемьсот_ сорок восьмого года,т,о,с,ь,м,е,NUM,ВОСЕМЬСОТ,NUM - - -,Т
36915,,сорок,СОРОК,NUM acc - -,,,потом тыща восемьсот _сорок_ восьмого года и,к,о,р,о,с,,NUM,СОРОК,NUM acc - -,К
36916,,восьмого,ВОСЬМОЙ,ANUM - gen sg plen m -,,,тыща восемьсот сорок _восьмого_ года и дальше,о,г,о,м,ь,с,ANUM,ВОСЬМОЙ,A - gen sg plen m -,Й
36917,,года,ГОД,S m inan gen sg,,,восемьсот сорок восьмого _года_ и дальше началось,а,д,о,г,,,S,ГОД,S m inan gen sg,Д
36918,,и,И,CONJ,,,"сорок восьмого года _и_ дальше началось ,",и,,,,,,CONJ,И,CONJ,И
36919,,дальше,ДАЛЕКО,ADV comp,,,"восьмого года и _дальше_ началось , угар",е,ш,ь,л,а,д,ADV,ДАЛЕКО,ADV comp,О
36920,,началось,НАЧАТЬСЯ,V pf praet sg indic n -,,,"года и дальше _началось_ , угар начался",ь,с,о,л,а,ч,V,НАЧАТЬСЯ,V pf praet sg indic n -,Я
36921,,",",",",PUNCT,,,,,,,,,,PUNCT,,,
36922,,угар,УГАР,S m inan nom sg,,,"дальше началось , _угар_ начался . ",р,а,г,у,,,S,УГАР,S m inan nom sg,Р
36923,,начался,НАЧАТЬСЯ,V pf praet sg indic m -,,,"началось , угар _начался_ .  ",я,с,л,а,ч,а,V,НАЧАТЬСЯ,V pf praet sg indic m -,Я
36924,,.,.,PUNCT,,,,,,,,,,PUNCT,,,
36925,,,,,,,,,,,,,,,,,
36926,# sent = 2768,,,,,,,,,,,,,,,,
36927,,До сих пор,До сих пор,ADV -,раздельно,,.   _До сих пор_ кстати иногда продолжается,р,о,п, ,х,и,ADV,До сих пор,ADV -,р
36928,,кстати,КСТАТИ,PARENTH,,,"  До сих пор _кстати_ иногда продолжается ,",и,т,а,т,с,к,ADV,КСТАТИ,ADV -,И
36929,,иногда,ИНОГДА,ADV -,,," До сих пор кстати _иногда_ продолжается , и",а,д,г,о,н,и,ADV,ИНОГДА,ADV -,А
36930,,продолжается,ПРОДОЛЖАТЬСЯ,V ipf praes sg indic - 3p,,,"До сих пор кстати иногда _продолжается_ , и это",я,с,т,е,а,ж,V,ПРОДОЛЖАТЬСЯ,V ipf praes sg indic - 3p,Я
36931,,",",",",PUNCT,,,,,,,,,,PUNCT,,,
36932,,и,И,CONJ,,,"иногда продолжается , _и_ это не важно",и,,,,,,CONJ,И,CONJ,И
36933,,это,ЭТО,SPRO n - nom sg,,,"продолжается , и _это_ не важно .",о,т,э,,,,SPRO,ЭТО,S n - nom sg,О
36934,,не,НЕ,PART,,,", и это _не_ важно . ",е,н,,,,,PART,НЕ,PART,Е
36935,,важно,ВАЖНО,ADV -,,,и это не _важно_ .  ,о,н,ж,а,в,,A,ВАЖНЫЙ,A - - sg brev n -,О
36936,,.,.,PUNCT,,,,,,,,,,PUNCT,,,
36937,,,,,,,,,,,,,,,,,
36938,# sent = 2769,,,,,,,,,,,,,,,,
36939,,Ээ,ЭЭ,INTJ,,,.   _Ээ_ еще Австралия классная,э,э,,,,,NONLEX,ЭЭ,NONLEX,Э
36940,,еще,ЕЩЕ,ADV -,,,  Ээ _еще_ Австралия классная страна,е,щ,е,,,,ADV,ЕЩЕ,ADV -,Е
36941,,Австралия,АВСТРАЛИЯ,S f inan nom sg,,, Ээ еще _Австралия_ классная страна .,я,и,л,а,р,т,S,АВСТРАЛИЯ,S f inan nom sg,Я
36942,,классная,КЛАССНЫЙ,A - nom sg plen f -,,,Ээ еще Австралия _классная_ страна . ,я,а,н,с,с,а,A,КЛАССНЫЙ,A - nom sg plen f -,Й
36943,,страна,СТРАНА,S f inan nom sg,,,еще Австралия классная _страна_ .  ,а,н,а,р,т,с,S,СТРАНА,S f inan nom sg,А
36944,,.,.,PUNCT,,,,,,,,,,PUNCT,,,
36945,,,,,,,,,,,,,,,,,
36946,# sent = 2770,,,,,,,,,,,,,,,,
36947,,Реально,РЕАЛЬНО,ADV -,,,.   _Реально_ .  ,о,н,ь,л,а,е,ADV,РЕАЛЬНО,ADV -,О
36948,,.,.,PUNCT,,,,,,,,,,PUNCT,,,
36949,,,,,,,,,,,,,,,,,
36950,# sent = 2771,,,,,,,,,,,,,,,,
36951,,Они,ОНИ,SPRO pl - - nom,,,.   _Они_ тоже все сидят,и,н,о,,,,SPRO,ОНИ,SPRO pl - - nom,И
36952,,тоже,ТОЖЕ,PART,,,  Они _тоже_ все сидят отдельно,е,ж,о,т,,,PART,ТОЖЕ,PART,Е
36953,,все,ВСЕ,SPRO - nom sg n inan,,, Они тоже _все_ сидят отдельно э,е,с,в,,,,S,ВСЕ,S - - acc pl,Е
36954,,сидят,СИДЕТЬ,V ipf praes pl indic - 3p,,,Они тоже все _сидят_ отдельно э ...,т,я,д,и,с,,V,СИДЕТЬ,V ipf praes pl indic - 3p,Ь
36955,,отдельно,ОТДЕЛЬНО,ADV -,,,тоже все сидят _отдельно_ э ... ,о,н,ь,л,е,д,ADV,ОТДЕЛЬНО,ADV -,О
36956,,э,Э,INTJ,,,все сидят отдельно _э_ ...  ,э,,,,,,INTJ,Э,INTJ,Э
36957,,...,...,PUNCT,,,,,,,,,,PUNCT,,,
36958,,,,,,,,,,,,,,,,,
36959,# sent = 2772,,,,,,,,,,,,,,,,
36960,,Вы,ВЫ,SPRO pl 2p - nom,,,...   _Вы_ когда-нибудь видели карту,ы,в,,,,,SPRO,ВЫ,SPRO pl 2p - nom,Ы
36961,,когда-нибудь,КОГДА-НИБУДЬ,ADV -,,,"  Вы _когда-нибудь_ видели карту ,",ь,д,у,б,и,н,ADV,КОГДА-НИБУДЬ,ADV -,Ь
36962,,видели,ВИДЕТЬ,V ipf praet pl indic - -,,," Вы когда-нибудь _видели_ карту , которую",и,л,е,д,и,в,V,ВИДЕТЬ,V ipf praet pl indic - -,Ь
36963,,карту,КАРТА,S f inan acc sg,,,"Вы когда-нибудь видели _карту_ , которую продают",у,т,р,а,к,,S,КАРТА,S f inan acc sg,А
36964,,",",",",PUNCT,,,,,,,,,,PUNCT,,,
36965,,которую,КОТОРЫЙ,APRO - acc sg plen f -,,,"видели карту , _которую_ продают в Австралии",ю,у,р,о,т,о,APRO,КОТОРЫЙ,A - acc sg plen f -,Й
36966,,продают,ПРОДАВАТЬ,V ipf praes pl indic - 3p,,,"карту , которую _продают_ в Австралии ?",т,ю,а,д,о,р,V,ПРОДАВАТЬ,V ipf praes pl indic - 3p,Ь
36967,,в,В,PR,,,", которую продают _в_ Австралии ? ",в,,,,,,PR,В,PR,В
36968,,Австралии,АВСТРАЛИЯ,S f inan loc sg,,,которую продают в _Австралии_ ?  ,и,и,л,а,р,т,S,АВСТРАЛИЯ,S f inan loc sg,Я
36969,,?,?,PUNCT,,,,,,,,,,PUNCT,,,
36970,,,,,,,,,,,,,,,,,
36971,# sent = 2773,,,,,,,,,,,,,,,,
36972,,Классная,КЛАССНЫЙ,A - nom sg plen f -,,,?   _Классная_ штука . ,я,а,н,с,с,а,A,КЛАССНЫЙ,A - nom sg plen f -,Й
36973,,штука,ШТУКА,S f inan nom sg,,,  Классная _штука_ .  ,а,к,у,т,ш,,S,ШТУКА,S f inan nom sg,А
36974,,.,.,PUNCT,,,,,,,,,,PUNCT,,,
36975,,,,,,,,,,,,,,,,,
36976,# sent = 2774,,,,,,,,,,,,,,,,
36977,,Короче,КОРОЧЕ,PARENTH,,,".   _Короче_ карта , щас",е,ч,о,р,о,к,ADV,КОРОЧЕ,ADV comp,Е
36978,,карта,КАРТА,S f inan nom sg,,,"  Короче _карта_ , щас объясню",а,т,р,а,к,,S,КАРТА,S f inan nom sg,А
36979,,",",",",PUNCT,,,,,,,,,,PUNCT,,,
36980,,щас,СЕЙЧАС,ADV -,,,"Короче карта , _щас_ объясню , вот",с,а,щ,,,,ADV,ЩАС,ADV -,С
36981,,объясню,ОБЪЯСНИТЬ,V pf fut sg indic - 1p,,,"карта , щас _объясню_ , вот вот",ю,н,с,я,ъ,б,V,ОБЪЯСНИТЬ,V pf fut sg indic - 1p,Ь
36982,,",",",",PUNCT,,,,,,,,,,PUNCT,,,
36983,,вот,ВОТ,PART,,,"щас объясню , _вот_ вот так ,",т,о,в,,,,PART,ВОТ,PART,Т
36984,,вот,ВОТ,PART,,,"объясню , вот _вот_ так , как",т,о,в,,,,PART,ВОТ,PART,Т
36985,,так,ТАК,ADV -,,,", вот вот _так_ , как ты",к,а,т,,,,ADV,ТАК,ADV -,К
36986,,",",",",PUNCT,,,,,,,,,,PUNCT,,,
36987,,как,КАК,ADV -,,,"вот так , _как_ ты представляешь карту",к,а,к,,,,ADV,КАК,ADV -,К
36988,,ты,ТЫ,SPRO sg 2p - nom,,,"так , как _ты_ представляешь карту себе",ы,т,,,,,SPRO,ТЫ,SPRO sg 2p - nom,Ы
36989,,представляешь,ПРЕДСТАВЛЯТЬ,V ipf praes sg indic - 2p,,,", как ты _представляешь_ карту себе ?",ь,ш,е,я,л,в,V,ПРЕДСТАВЛЯТЬ,V ipf praes sg indic - 2p,Ь
36990,,карту,КАРТА,S f inan acc sg,,,как ты представляешь _карту_ себе ? ,у,т,р,а,к,,S,КАРТА,S f inan acc sg,А
36991,,себе,СЕБЯ,SPRO - - - dat,,,ты представляешь карту _себе_ ?  ,е,б,е,с,,,SPRO,СЕБЯ,SPRO - - - dat,Я
36992,,?,?,PUNCT,,,,,,,,,,PUNCT,,,
36993,,,,,,,,,,,,,,,,,
36994,# sent = 2775,,,,,,,,,,,,,,,,
36995,"<span class=""note"">",,,,,,,,,,,,,,,,
36996,<note>,показызывает в воздухе,,,,,,,,,,,,,,,
36997,</span>,,,,,,,,,,,,,,,,
36998,,Ну,НУ,PART,,, показызывает в воздухе  _Ну_ вот типа карта,у,н,,,,,PART,НУ,PART,У
36999,,вот,ВОТ,PART,,,"показызывает в воздухе  Ну _вот_ типа карта ,",т,о,в,,,,PART,ВОТ,PART,Т
37000,,типа,ТИПА,PART,,," Ну вот _типа_ карта , вот",а,п,и,т,,,PART,ТИПА,PART,А
37001,,карта,КАРТА,S f inan nom sg,,,"Ну вот типа _карта_ , вот карта",а,т,р,а,к,,S,КАРТА,S f inan nom sg,А
37002,,",",",",PUNCT,,,,,,,,,,PUNCT,,,
37003,,вот,ВОТ,PART,,,"типа карта , _вот_ карта , вот",т,о,в,,,,PART,ВОТ,PART,Т
37004,,карта,КАРТА,S f inan nom sg,,,"карта , вот _карта_ , вот здесь",а,т,р,а,к,,S,КАРТА,S f inan nom sg,А
37005,,",",",",PUNCT,,,,,,,,,,PUNCT,,,
37006,,вот,ВОТ,PART,,,"вот карта , _вот_ здесь вот где",т,о,в,,,,PART,ВОТ,PART,Т
37007,,здесь,ЗДЕСЬ,ADV -,,,"карта , вот _здесь_ вот где то",ь,с,е,д,з,,ADV,ЗДЕСЬ,ADV -,Ь
37008,,вот,ВОТ,PART,,,", вот здесь _вот_ где то там",т,о,в,,,,PART,ВОТ,PART,Т
37009,,где,ГДЕ,ADV -,,,вот здесь вот _где_ то там ну,е,д,г,,,,ADV,ГДЕ,ADV -,Е
37010,,то,ТО,PART,,,здесь вот где _то_ там ну Россия,о,т,,,,,PART,ТО,PART,О
37011,,там,ТАМ,ADV -,,,"вот где то _там_ ну Россия ,",м,а,т,,,,ADV,ТАМ,ADV -,М
37012,,ну,НУ,PART,,,"где то там _ну_ Россия , Евразия",у,н,,,,,PART,НУ,PART,У
37013,,Россия,РОССИЯ,S f inan nom sg,,,"то там ну _Россия_ , Евразия здесь",я,и,с,с,о,р,S,РОССИЯ,S f inan nom sg,Я
37014,,",",",",PUNCT,,,,,,,,,,PUNCT,,,
37015,,Евразия,ЕВРАЗИЯ,S f inan nom sg,,,"ну Россия , _Евразия_ здесь Америки две",я,и,з,а,р,в,S,ЕВРАЗИЯ,S f inan nom sg,Я
37016,,здесь,ЗДЕСЬ,ADV -,,,"Россия , Евразия _здесь_ Америки две здесь",ь,с,е,д,з,,ADV,ЗДЕСЬ,ADV -,Ь
37017,,Америки,АМЕРИКА,S f inan gen sg,,,", Евразия здесь _Америки_ две здесь Антарктида",и,к,и,р,е,м,S,АМЕРИКА,S f inan gen sg,А
37018,,две,ДВА,NUM nom f -,,,Евразия здесь Америки _две_ здесь Антарктида здесь,е,в,д,,,,NUM,ДВА,NUM nom f -,А
37019,,здесь,ЗДЕСЬ,ADV -,,,здесь Америки две _здесь_ Антарктида здесь Австралия,ь,с,е,д,з,,ADV,ЗДЕСЬ,ADV -,Ь
37020,,Антарктида,АНТАРКТИДА,S f inan nom sg,,,Америки две здесь _Антарктида_ здесь Австралия .,а,д,и,т,к,р,S,АНТАРКТИДА,S f inan nom sg,А
37021,,здесь,ЗДЕСЬ,ADV -,,,две здесь Антарктида _здесь_ Австралия . ,ь,с,е,д,з,,ADV,ЗДЕСЬ,ADV -,Ь
37022,,Австралия,АВСТРАЛИЯ,S f inan nom sg,,,здесь Антарктида здесь _Австралия_ .  ,я,и,л,а,р,т,S,АВСТРАЛИЯ,S f inan nom sg,Я
37023,,.,.,PUNCT,,,,,,,,,,PUNCT,,,
37024,,,,,,,,,,,,,,,,,
37025,# sent = 2776,,,,,,,,,,,,,,,,
37026,,Нормальная,НОРМАЛЬНЫЙ,A - nom sg plen f -,,,.   _Нормальная_ карта . ,я,а,н,ь,л,а,A,НОРМАЛЬНЫЙ,A - nom sg plen f -,Й
37027,,карта,КАРТА,S f inan nom sg,,,  Нормальная _карта_ .  ,а,т,р,а,к,,S,КАРТА,S f inan nom sg,А
37028,,.,.,PUNCT,,,,,,,,,,PUNCT,,,
37029,,,,,,,,,,,,,,,,,
37030,# sent = 2777,,,,,,,,,,,,,,,,
37031,,Что,ЧТО,SPRO n inan nom sg,,,.   _Что_ делает Австралия .,о,т,ч,,,,SPRO,ЧТО,S n - nom sg,О
37032,,делает,ДЕЛАТЬ,V ipf praes sg indic - 3p,,,  Что _делает_ Австралия . ,т,е,а,л,е,д,V,ДЕЛАТЬ,V ipf praes sg indic - 3p,Ь
37033,,Австралия,АВСТРАЛИЯ,S f inan nom sg,,, Что делает _Австралия_ .  ,я,и,л,а,р,т,S,АВСТРАЛИЯ,S f inan nom sg,Я
37034,,.,.,PUNCT,,,,,,,,,,PUNCT,,,
37035,,,,,,,,,,,,,,,,,
37036,# sent = 2778,,,,,,,,,,,,,,,,
37037,,Она,ОНА,SPRO sg 3p f nom,,,.   _Она_ переворачивает эту карту,а,н,о,,,,SPRO,ОНА,SPRO sg 3p f nom,А
37038,,переворачивает,ПЕРЕВЕРТЫВАТЬ,V ipf praes sg indic - 3p,,,"  Она _переворачивает_ эту карту ,",т,е,а,в,и,ч,V,ПЕРЕВЕРТЫВАТЬ,V ipf praes sg indic - 3p,Ь
37039,,эту,ЭТОТ,APRO - acc sg plen f -,,," Она переворачивает _эту_ карту , то есть",у,т,э,,,,APRO,ЭТОТ,A - acc sg plen f -,Т
37040,,карту,КАРТА,S f inan acc sg,,,"Она переворачивает эту _карту_ , то есть южное",у,т,р,а,к,,S,КАРТА,S f inan acc sg,А
37041,,",",",",PUNCT,,,,,,,,,,PUNCT,,,
37042,,то есть,то есть,CONJ,раздельно,,"эту карту , _то есть_ южное полушарие оказывается",ь,т,с,е, ,о,CONJ,то есть,ADV -,ь
37043,,южное,ЮЖНЫЙ,A - nom sg plen n -,,,"карту , то есть _южное_ полушарие оказывается наверху",е,о,н,ж,ю,,A,ЮЖНЫЙ,A - nom sg plen n -,Й
37044,,полушарие,ПОЛУШАРИЕ,S n inan nom sg,,,", то есть южное _полушарие_ оказывается наверху и",е,и,р,а,ш,у,S,ПОЛУШАРИЕ,S n inan nom sg,Е
37045,,оказывается,ОКАЗЫВАТЬСЯ,V ipf praes sg indic - 3p,,,то есть южное полушарие _оказывается_ наверху и смещает,я,с,т,е,а,в,V,ОКАЗЫВАТЬСЯ,V ipf praes sg indic - 3p,Я
37046,,наверху,НАВЕРХУ,ADV -,,,южное полушарие оказывается _наверху_ и смещает ее,у,х,р,е,в,а,ADV,НАВЕРХУ,ADV -,У
37047,,и,И,CONJ,,,полушарие оказывается наверху _и_ смещает ее так,и,,,,,,CONJ,И,CONJ,И
37048,,смещает,СМЕЩАТЬ,V ipf praes sg indic - 3p,,,"оказывается наверху и _смещает_ ее так ,",т,е,а,щ,е,м,V,СМЕЩАТЬ,V ipf praes sg indic - 3p,Ь
37049,,ее,ОНА,SPRO sg 3p f acc,,,"наверху и смещает _ее_ так , что",е,е,,,,,SPRO,ОНА,SPRO sg 3p f acc,А
37050,,так,ТАК,ADV -,,,"и смещает ее _так_ , что Америка",к,а,т,,,,ADV,ТАК,ADV -,К
37051,,",",",",PUNCT,,,,,,,,,,PUNCT,,,
37052,,что,ЧТО,CONJ,,,"ее так , _что_ Америка оказывается частично",о,т,ч,,,,CONJ,ЧТО,CONJ,О
37053,,Америка,АМЕРИКА,S f inan nom sg,,,"так , что _Америка_ оказывается частично разорванной",а,к,и,р,е,м,S,АМЕРИКА,S f inan nom sg,А
37054,,оказывается,ОКАЗЫВАТЬСЯ,V ipf praes sg indic - 3p,,,", что Америка _оказывается_ частично разорванной ,",я,с,т,е,а,в,V,ОКАЗЫВАТЬСЯ,V ipf praes sg indic - 3p,Я
37055,,частично,ЧАСТИЧНО,ADV -,,,"что Америка оказывается _частично_ разорванной , Россия",о,н,ч,и,т,с,ADV,ЧАСТИЧНО,ADV -,О
37056,,разорванной,РАЗОРВАТЬ,PARTCP pf praet loc sg plen f pass -,,,"Америка оказывается частично _разорванной_ , Россия ",й,о,н,н,а,в,PARTCP,РАЗОРВАТЬ,PARTCP pf praet loc sg plen f pass -,Ь
37057,,",",",",PUNCT,,,,,,,,,,PUNCT,,,
37058,,Россия,РОССИЯ,S f inan nom sg,,,"частично разорванной , _Россия_  показызывает в воздухе ",я,и,с,с,о,р,S,РОССИЯ,S f inan nom sg,Я
37059,"<span class=""note"">",,,,,,,,,,,,,,,,
37060,<note>,показызывает в воздухе,,,,,,,,,,,,,,,
37061,</span>,,,,,,,,,,,,,,,,
37062,,там,ТАМ,ADV -,,, показызывает в воздухе  _там_ вот где-то вот,м,а,т,,,,ADV,ТАМ,ADV -,М
37063,,вот,ВОТ,PART,,,показызывает в воздухе  там _вот_ где-то вот типа,т,о,в,,,,PART,ВОТ,PART,Т
37064,,где-то,ГДЕ-ТО,ADV -,,, там вот _где-то_ вот типа внизу,о,т,-,е,д,г,ADV,ГДЕ-ТО,ADV -,О
37065,,вот,ВОТ,PART,,,там вот где-то _вот_ типа внизу вот,т,о,в,,,,PART,ВОТ,PART,Т
37066,,типа,ТИПА,PART,,,вот где-то вот _типа_ внизу вот такой,а,п,и,т,,,PART,ТИПА,PART,А
37067,,внизу,ВНИЗУ,ADV -,,,где-то вот типа _внизу_ вот такой кусок,у,з,и,н,в,,ADV,ВНИЗУ,ADV -,У
37068,,вот,ВОТ,PART,,,вот типа внизу _вот_ такой кусок России,т,о,в,,,,PART,ВОТ,PART,Т
37069,,такой,ТАКОЙ,APRO - nom sg plen m -,,,"типа внизу вот _такой_ кусок России ,",й,о,к,а,т,,APRO,ТАКОЙ,A - nom sg plen m -,Й
37070,,кусок,КУСОК,S m inan nom sg,,,"внизу вот такой _кусок_ России , она",к,о,с,у,к,,S,КУСОК,S m inan nom sg,К
37071,,России,РОССИЯ,S f inan gen sg,,,"вот такой кусок _России_ , она еще",и,и,с,с,о,р,S,РОССИЯ,S f inan gen sg,Я
37072,,",",",",PUNCT,,,,,,,,,,PUNCT,,,
37073,,она,ОНА,SPRO sg 3p f nom,,,"кусок России , _она_ еще и сплющена",а,н,о,,,,SPRO,ОНА,SPRO sg 3p f nom,А
37074,,еще,ЕЩЕ,ADV -,,,"России , она _еще_ и сплющена ,",е,щ,е,,,,ADV,ЕЩЕ,ADV -,Е
37075,,и,И,CONJ,,,", она еще _и_ сплющена , потому что",и,,,,,,CONJ,И,CONJ,И
37076,,сплющена,СПЛЮСНУТЬ,PARTCP pf praet - sg brev f pass -,,,"она еще и _сплющена_ , потому что они",а,н,е,щ,ю,л,PARTCP,СПЛЮСНУТЬ,PARTCP pf praet - sg brev f pass -,Ь
37077,,",",",",PUNCT,,,,,,,,,,PUNCT,,,
37078,,потому что,потому что,CONJ,,,"и сплющена , _потому что_ они делают э",о,т,ч, ,у,м,CONJ,потому что,CONJ,о
37079,,они,ОНИ,SPRO pl - - nom,,,"сплющена , потому что _они_ делают э южное",и,н,о,,,,SPRO,ОНИ,SPRO pl - - nom,И
37080,,делают,ДЕЛАТЬ,V ipf praes pl indic - 3p,,,", потому что они _делают_ э южное полушарие",т,ю,а,л,е,д,V,ДЕЛАТЬ,V ipf praes pl indic - 3p,Ь
37081,,э,Э,INTJ,,,потому что они делают _э_ южное полушарие шире,э,,,,,,INTJ,Э,S - - nonflex -,Э
37082,,южное,ЮЖНЫЙ,A - nom sg plen n -,,,"они делают э _южное_ полушарие шире ,",е,о,н,ж,ю,,A,ЮЖНЫЙ,A - nom sg plen n -,Й
37083,,полушарие,ПОЛУШАРИЕ,S n inan nom sg,,,"делают э южное _полушарие_ шире , а",е,и,р,а,ш,у,S,ПОЛУШАРИЕ,S n inan nom sg,Е
37084,,шире,ШИРОКО,ADV comp,,,"э южное полушарие _шире_ , а северное",е,р,и,ш,,,ADV,ШИРОКО,ADV comp,О
37085,,",",",",PUNCT,,,,,,,,,,PUNCT,,,
37086,,а,А,CONJ,,,"полушарие шире , _а_ северное чуть-чуть сплющивают",а,,,,,,CONJ,А,CONJ,А
37087,,северное,СЕВЕРНЫЙ,A - nom sg plen n -,,,"шире , а _северное_ чуть-чуть сплющивают ,",е,о,н,р,е,в,A,СЕВЕРНЫЙ,A - nom sg plen n -,Й
37088,,чуть-чуть,ЧУТЬ-ЧУТЬ,ADV -,,,", а северное _чуть-чуть_ сплющивают , то есть",ь,т,у,ч,-,ь,ADV,ЧУТЬ-ЧУТЬ,ADV -,Ь
37089,,сплющивают,СПЛЮЩИВАТЬ,V ipf praes pl indic - 3p,,,"а северное чуть-чуть _сплющивают_ , то есть там",т,ю,а,в,и,щ,V,СПЛЮЩИВАТЬ,V ipf praes pl indic - 3p,Ь
37090,,",",",",PUNCT,,,,,,,,,,PUNCT,,,
37091,,то есть,то есть,CONJ,раздельно,,"чуть-чуть сплющивают , _то есть_ там вовот такая",ь,т,с,е, ,о,CONJ,то есть,ADV -,ь
37092,,там,ТАМ,ADV -,,,"сплющивают , то есть _там_ вовот такая вот",м,а,т,,,,ADV,ТАМ,ADV -,М
37093,,вовот,ВОВОТ,ADV -,раздельно,,", то есть там _вовот_ такая вот сосиска",т,о,в,о,в,,ADV,ВОВОТ,ADV -,Т
37094,,такая,ТАКОЙ,APRO - nom sg plen f -,,,то есть там вовот _такая_ вот сосиска России,я,а,к,а,т,,APRO,ТАКОЙ,A - nom sg plen f -,Й
37095,,вот,ВОТ,PART,,,там вовот такая _вот_ сосиска России .,т,о,в,,,,PART,ВОТ,PART,Т
37096,,сосиска,СОСИСКА,S f inan nom sg,,,вовот такая вот _сосиска_ России . ,а,к,с,и,с,о,S,СОСИСКА,S f inan nom sg,А
37097,,России,РОССИЯ,S f inan gen sg,,,такая вот сосиска _России_ .  ,и,и,с,с,о,р,S,РОССИЯ,S f inan gen sg,Я
37098,,.,.,PUNCT,,,,,,,,,,PUNCT,,,
37099,,,,,,,,,,,,,,,,,
37100,# sent = 2779,,,,,,,,,,,,,,,,
37101,,И,И,CONJ,,,.   _И_ Австралия в центре,и,,,,,,CONJ,И,CONJ,И
37102,,Австралия,АВСТРАЛИЯ,S f inan nom sg,,,  И _Австралия_ в центре карты,я,и,л,а,р,т,S,АВСТРАЛИЯ,S f inan nom sg,Я
37103,,в,В,PR,,, И Австралия _в_ центре карты гордо,в,,,,,,PR,В,PR,В
37104,,центре,ЦЕНТР,S m inan loc sg,,,И Австралия в _центре_ карты гордо .,е,р,т,н,е,ц,S,ЦЕНТР,S m inan loc sg,Р
37105,,карты,КАРТА,S f inan gen sg,,,Австралия в центре _карты_ гордо . ,ы,т,р,а,к,,S,КАРТА,S f inan gen sg,А
37106,,гордо,ГОРДО,ADV -,,,в центре карты _гордо_ .  ,о,д,р,о,г,,ADV,ГОРДО,ADV -,О
37107,,.,.,PUNCT,,,,,,,,,,PUNCT,,,
37108,,,,,,,,,,,,,,,,,
37109,# sent = 2780,,,,,,,,,,,,,,,,
37110,,Причем,ПРИЧЕМ,CONJ,,,.   _Причем_ еще ну типа,м,е,ч,и,р,п,CONJ,ПРИЧЕМ,CONJ,М
37111,,еще,ЕЩЕ,ADV -,,,"  Причем _еще_ ну типа ,",е,щ,е,,,,ADV,ЕЩЕ,ADV -,Е
37112,,ну,НУ,PART,,," Причем еще _ну_ типа , так как",у,н,,,,,PART,НУ,PART,У
37113,,типа,ТИПА,PART,,,"Причем еще ну _типа_ , так как в",а,п,и,т,,,PART,ТИПА,PART,А
37114,,",",",",PUNCT,,,,,,,,,,PUNCT,,,
37115,,так как,так как,CONJ,раздельно,,"ну типа , _так как_ в южном полушарии",к,а,к, ,к,а,CONJ,так как,CONJ,к
37116,,в,В,PR,,,"типа , так как _в_ южном полушарии меньше",в,,,,,,PR,В,PR,В
37117,,южном,ЮЖНЫЙ,A - loc sg plen n -,,,", так как в _южном_ полушарии меньше континентов",м,о,н,ж,ю,,A,ЮЖНЫЙ,A - loc sg plen n -,Й
37118,,полушарии,ПОЛУШАРИЕ,S n inan loc sg,,,"так как в южном _полушарии_ меньше континентов ,",и,и,р,а,ш,у,S,ПОЛУШАРИЕ,S n inan loc sg,Е
37119,,меньше,МАЛО,NUM - - -,,,"в южном полушарии _меньше_ континентов , то",е,ш,ь,н,е,м,NUM,МАЛО,NUM - - -,О
37120,,континентов,КОНТИНЕНТ,S m inan gen pl,,,"южном полушарии меньше _континентов_ , то выходит",в,о,т,н,е,н,S,КОНТИНЕНТ,S m inan gen pl,Т
37121,,",",",",PUNCT,,,,,,,,,,PUNCT,,,
37122,,то,ТО,CONJ,,,"меньше континентов , _то_ выходит , что",о,т,,,,,CONJ,ТО,CONJ,О
37123,,выходит,ВЫХОДИТЬ,V ipf praes sg indic - 3p,,,"континентов , то _выходит_ , что э",т,и,д,о,х,ы,V,ВЫХОДИТЬ,V ipf praes sg indic - 3p,Ь
37124,,",",",",PUNCT,,,,,,,,,,PUNCT,,,
37125,,что,ЧТО,CONJ,,,"то выходит , _что_ э она просто",о,т,ч,,,,CONJ,ЧТО,CONJ,О
37126,,э,Э,INTJ,,,"выходит , что _э_ она просто одна",э,,,,,,INTJ,Э,INTJ,Э
37127,,она,ОНА,SPRO sg 3p f nom,,,", что э _она_ просто одна посреди",а,н,о,,,,SPRO,ОНА,SPRO sg 3p f nom,А
37128,,просто,ПРОСТО,PART,,,что э она _просто_ одна посреди моря,о,т,с,о,р,п,PART,ПРОСТО,PART,О
37129,,одна,ОДИН,ANUM - nom sg plen f -,,,э она просто _одна_ посреди моря как,а,н,д,о,,,ANUM,ОДИН,A - nom sg plen f -,Н
37130,,посреди,ПОСРЕДИ,PR,,,она просто одна _посреди_ моря как королева,и,д,е,р,с,о,PR,ПОСРЕДИ,PR,И
37131,,моря,МОРЕ,S n inan gen sg,,,просто одна посреди _моря_ как королева в,я,р,о,м,,,S,МОРЕ,S n inan gen sg,Е
37132,,как,КАК,CONJ,,,одна посреди моря _как_ королева в центре,к,а,к,,,,CONJ,КАК,CONJ,К
37133,,королева,КОРОЛЕВА,S f anim nom sg,,,посреди моря как _королева_ в центре наверху,а,в,е,л,о,р,S,КОРОЛЕВА,S f anim nom sg,А
37134,,в,В,PR,,,моря как королева _в_ центре наверху .,в,,,,,,PR,В,PR,В
37135,,центре,ЦЕНТР,S m inan loc sg,,,как королева в _центре_ наверху . ,е,р,т,н,е,ц,S,ЦЕНТР,S m inan loc sg,Р
37136,,наверху,НАВЕРХУ,ADV -,,,королева в центре _наверху_ .  ,у,х,р,е,в,а,ADV,НАВЕРХУ,ADV -,У
37137,,.,.,PUNCT,,,,,,,,,,PUNCT,,,
37138,,,,,,,,,,,,,,,,,
37139,# sent = 2781,,,,,,,,,,,,,,,,
37140,,Китайская,КИТАЙСКИЙ,A - nom sg plen f -,,,.   _Китайская_ карта ... да,я,а,к,с,й,а,A,КИТАЙСКИЙ,A - nom sg plen f -,Й
37141,,карта,КАРТА,S f inan nom sg,,,"  Китайская _карта_ ... да ,",а,т,р,а,к,,S,КАРТА,S f inan nom sg,А
37142,,...,...,PUNCT,,,,,,,,,,PUNCT,,,
37143,,да,ДА,PRAEDIC,,,"Китайская карта ... _да_ , тоже самое",а,д,,,,,CONJ,ДА,CONJ,А
37144,,",",",",PUNCT,,,,,,,,,,PUNCT,,,
37145,,тоже,ТОЖЕ,PART,,,"... да , _тоже_ самое только без",е,ж,о,т,,,PART,ТОЖЕ,PART,Е
37146,,самое,САМЫЙ,APRO - nom sg plen n -,,,"да , тоже _самое_ только без переворота",е,о,м,а,с,,A,САМЫЙ,A - nom sg plen n -,Й
37147,,только,ТОЛЬКО,PART,,,", тоже самое _только_ без переворота полушарий",о,к,ь,л,о,т,PART,ТОЛЬКО,PART,О
37148,,без,БЕЗ,PR,,,тоже самое только _без_ переворота полушарий .,з,е,б,,,,PR,БЕЗ,PR,З
37149,,переворота,ПЕРЕВОРОТ,S m inan gen sg,,,самое только без _переворота_ полушарий . ,а,т,о,р,о,в,S,ПЕРЕВОРОТ,S m inan gen sg,Т
37150,,полушарий,ПОЛУШАРИЕ,S n inan gen pl,,,только без переворота _полушарий_ .  ,й,и,р,а,ш,у,S,ПОЛУШАРИЕ,S n inan gen pl,Е
37151,,.,.,PUNCT,,,,,,,,,,PUNCT,,,
37152,,,,,,,,,,,,,,,,,
37153,# sent = 2782,,,,,,,,,,,,,,,,
37154,,Там,ТАМ,ADV -,,,.   _Там_ просто Китай по,м,а,т,,,,ADV,ТАМ,ADV -,М
37155,,просто,ПРОСТО,PART,,,  Там _просто_ Китай по центру,о,т,с,о,р,п,PART,ПРОСТО,PART,О
37156,,Китай,КИТАЙ,S m inan nom sg,,, Там просто _Китай_ по центру .,й,а,т,и,к,,S,КИТАЙ,S m inan nom sg,Й
37157,,по,ПО,PR,,,Там просто Китай _по_ центру . ,о,п,,,,,PR,ПО,PR,О
37158,,центру,ЦЕНТР,S m inan dat sg,,,просто Китай по _центру_ .  ,у,р,т,н,е,ц,S,ЦЕНТР,S m inan dat sg,Р
37159,,.,.,PUNCT,,,,,,,,,,PUNCT,,,
37160,,,,,,,,,,,,,,,,,
37161,# sent = 2783,,,,,,,,,,,,,,,,
37162,,Нда,НДА,INTJ,,,.   _Нда_ ...  ,а,д,н,,,,INTJ,НДА,INTJ,А
37163,,...,...,PUNCT,,,,,,,,,,PUNCT,,,
37164,,,,,,,,,,,,,,,,,
37165,# sent = 2784,,,,,,,,,,,,,,,,
37166,,Американская,АМЕРИКАНСКИЙ,A - nom sg plen f -,,,"...   _Американская_ , наверно ,",я,а,к,с,н,а,A,АМЕРИКАНСКИЙ,A - nom sg plen f -,Й
37167,,",",",",PUNCT,,,,,,,,,,PUNCT,,,
37168,,наверно,НАВЕРНО,PARENTH,,," Американская , _наверно_ , тоже ээ",о,н,р,е,в,а,ADV,НАВЕРНО,ADV -,О
37169,,",",",",PUNCT,,,,,,,,,,PUNCT,,,
37170,,тоже,ТОЖЕ,PART,,,", наверно , _тоже_ ээ вот ",е,ж,о,т,,,PART,ТОЖЕ,PART,Е
37171,,ээ,ЭЭ,INTJ,,,"наверно , тоже _ээ_ вот  этоф",э,э,,,,,NONLEX,ЭЭ,NONLEX,Э
37172,,вот,ВОТ,PART,,,", тоже ээ _вот_  этоф ",т,о,в,,,,PART,ВОТ,PART,Т
37173,"<distinct form=""",,,,,,,,,,,,,,,,
37174,<dist>,этоф,,,,,,,,,,,,,,,
37175,""">",,,,,,,,,,,,,,,,
37176,,это,ЭТО,SPRO n - nom sg,,, этоф  _это_ в принципе ,о,т,э,,,,SPRO,ЭТО,S n - nom sg,О
37177,,в,В,PR,,,этоф  это _в_ принципе  ,в,,,,,,PR,В,PR,В
37178,,принципе,ПРИНЦИП,S m inan loc sg,,, это в _принципе_   этофпринц,е,п,и,ц,н,и,S,ПРИНЦИП,S m inan loc sg,П
37179,</distinct>,,,,,,,,,,,,,,,,
37180,"<distinct form=""",,,,,,,,,,,,,,,,
37181,<dist>,этофпринц,,,,,,,,,,,,,,,
37182,""">",,,,,,,,,,,,,,,,
37183,,это,ЭТО,SPRO n - nom sg,,, этофпринц  _это_ в принципе ,о,т,э,,,,SPRO,ЭТО,S n - nom sg,О
37184,,в,В,PR,,,этофпринц  это _в_ принципе  ну,в,,,,,,PR,В,PR,В
37185,,принципе,ПРИНЦИП,S m inan loc sg,,, это в _принципе_  ну типо,е,п,и,ц,н,и,S,ПРИНЦИП,S m inan loc sg,П
37186,</distinct>,,,,,,,,,,,,,,,,
37187,,ну,НУ,PART,,,в принципе  _ну_ типо на самом,у,н,,,,,PART,НУ,PART,У
37188,,типо,ТИПО,PART,,,принципе  ну _типо_ на самом деле,о,п,и,т,,,PART,ТИПО,PART,О
37189,,на,НА,PR,,, ну типо _на_ самом деле у,а,н,,,,,PR,НА,PR,А
37190,,самом,САМЫЙ,APRO - loc sg plen n -,,,ну типо на _самом_ деле у нас,м,о,м,а,с,,A,САМЫЙ,A - loc sg plen n -,Й
37191,,деле,ДЕЛО,S n inan loc sg,,,типо на самом _деле_ у нас же,е,л,е,д,,,S,ДЕЛО,S n inan loc sg,О
37192,,у,У,PR,,,на самом деле _у_ нас же получается,у,,,,,,PR,У,PR,У
37193,,нас,МЫ,SPRO pl 1p - loc,,,самом деле у _нас_ же получается европоцентричный,с,а,н,,,,SPRO,МЫ,SPRO pl 1p - loc,Ы
37194,,же,ЖЕ,PART,,,деле у нас _же_ получается европоцентричный мир,е,ж,,,,,PART,ЖЕ,PART,Е
37195,,получается,ПОЛУЧАТЬСЯ,V ipf praes sg indic - 3p,,,у нас же _получается_ европоцентричный мир .,я,с,т,е,а,ч,V,ПОЛУЧАТЬСЯ,V ipf praes sg indic - 3p,Я
37196,,европоцентричный,ЕВРОПОЦЕНТРИЧНЫЙ,A - nom sg plen m -,,,нас же получается _европоцентричный_ мир . ,й,ы,н,ч,и,р,A,ЕВРОПОЦЕНТРИЧНЫЙ,A - nom sg plen m -,Й
37197,,мир,МИР,S m inan nom sg,,,же получается европоцентричный _мир_ .  ,р,и,м,,,,S,МИР,S m inan nom sg,Р
37198,,.,.,PUNCT,,,,,,,,,,PUNCT,,,
37199,,,,,,,,,,,,,,,,,
37200,# sent = 2785,,,,,,,,,,,,,,,,
37201,,Потому что,Потому что,CONJ,,,.   _Потому что_ сейчас более менее,о,т,ч, ,у,м,CONJ,Потому что,CONJ,о
37202,,сейчас,СЕЙЧАС,ADV -,,,  Потому что _сейчас_ более менее принято,с,а,ч,й,е,с,ADV,СЕЙЧАС,ADV -,С
37203,,более,МНОГО,ADV comp,,, Потому что сейчас _более_ менее принято ...,е,е,л,о,б,,ADV,МНОГО,ADV comp,О
37204,,менее,МЕНЕЕ,ADV -,,,Потому что сейчас более _менее_ принято ... все,е,е,н,е,м,,ADV,МЕНЕЕ,ADV -,Е
37205,,принято,ПРИНЯТО,PRAEDIC,,,сейчас более менее _принято_ ... все принятые,о,т,я,н,и,р,PRAEDIC,ПРИНЯТО,PRAEDIC,О
37206,,...,...,PUNCT,,,,,,,,,,PUNCT,,,
37207,,все,ВЕСЬ,APRO - nom pl plen - -,,,менее принято ... _все_ принятые единые карты,е,с,в,,,,APRO,ВЕСЬ,A - nom pl plen - -,Ь
37208,,принятые,ПРИНЯТЫЙ,A - nom pl plen - -,,,"принято ... все _принятые_ единые карты ,",е,ы,т,я,н,и,A,ПРИНЯТЫЙ,A - nom pl plen - -,Й
37209,,единые,ЕДИНЫЙ,A - nom pl plen - -,,,"... все принятые _единые_ карты , они",е,ы,н,и,д,е,A,ЕДИНЫЙ,A - nom pl plen - -,Й
37210,,карты,КАРТА,S f inan nom pl,,,"все принятые единые _карты_ , они все",ы,т,р,а,к,,S,КАРТА,S f inan nom pl,А
37211,,",",",",PUNCT,,,,,,,,,,PUNCT,,,
37212,,они,ОНИ,SPRO pl - - nom,,,"единые карты , _они_ все таки с",и,н,о,,,,SPRO,ОНИ,SPRO pl - - nom,И
37213,,все,ВСЕ,SPRO - nom sg n inan,,,"карты , они _все_ таки с ну",е,с,в,,,,APRO,ВЕСЬ,A - nom pl plen - -,Е
37214,,таки,ТАКИ,PART,,,", они все _таки_ с ну …",и,к,а,т,,,PART,ТАКИ,PART,И
37215,,с,С,PR,,,они все таки _с_ ну … ,с,,,,,,PR,С,S - - nonflex -,С
37216,,ну,НУ,PART,,,все таки с _ну_ …  ,у,н,,,,,PART,НУ,PART,У
37217,,…,…,PUNCT,,,,,,,,,,PUNCT,,,
37218,,,,,,,,,,,,,,,,,
37219,# sent = 2786,,,,,,,,,,,,,,,,
37220,,Вот,ВОТ,PART,,,…   _Вот_ ну как у,т,о,в,,,,PART,ВОТ,PART,Т
37221,,ну,НУ,PART,,,  Вот _ну_ как у нас,у,н,,,,,PART,НУ,PART,У
37222,,как,КАК,CONJ,,, Вот ну _как_ у нас обычно,к,а,к,,,,CONJ,КАК,CONJ,К
37223,,у,У,PR,,,Вот ну как _у_ нас обычно продают,у,,,,,,PR,У,PR,У
37224,,нас,МЫ,SPRO pl 1p - loc,,,ну как у _нас_ обычно продают ...,с,а,н,,,,SPRO,МЫ,SPRO pl 1p - loc,Ы
37225,,обычно,ОБЫЧНО,ADV -,,,как у нас _обычно_ продают ... ,о,н,ч,ы,б,о,ADV,ОБЫЧНО,ADV -,О
37226,,продают,ПРОДАВАТЬ,V ipf praes pl indic - 3p,,,у нас обычно _продают_ ...  ,т,ю,а,д,о,р,V,ПРОДАВАТЬ,V ipf praes pl indic - 3p,Ь
37227,,...,...,PUNCT,,,,,,,,,,PUNCT,,,
37228,,,,,,,,,,,,,,,,,
37229,# sent = 2787,,,,,,,,,,,,,,,,
37230,,То есть,То есть,CONJ,раздельно,,"...   _То есть_ типа , что",ь,т,с,е, ,о,CONJ,То есть,ADV -,ь
37231,,типа,ТИПА,PART,,,"  То есть _типа_ , что Америка",а,п,и,т,,,PART,ТИПА,PART,А
37232,,",",",",PUNCT,,,,,,,,,,PUNCT,,,
37233,,что,ЧТО,CONJ,,,"То есть типа , _что_ Америка чуть слева",о,т,ч,,,,CONJ,ЧТО,CONJ,О
37234,,Америка,АМЕРИКА,S f inan nom sg,,,"типа , что _Америка_ чуть слева ,",а,к,и,р,е,м,S,АМЕРИКА,S f inan nom sg,А
37235,,чуть,ЧУТЬ,ADV -,,,", что Америка _чуть_ слева , справа",ь,т,у,ч,,,ADV,ЧУТЬ,ADV -,Ь
37236,,слева,СЛЕВА,ADV -,,,"что Америка чуть _слева_ , справа там",а,в,е,л,с,,ADV,СЛЕВА,ADV -,А
37237,,",",",",PUNCT,,,,,,,,,,PUNCT,,,
37238,,справа,СПРАВА,ADV -,,,"чуть слева , _справа_ там Евразия все",а,в,а,р,п,с,ADV,СПРАВА,ADV -,А
37239,,там,ТАМ,PART,,,"слева , справа _там_ Евразия все такое",м,а,т,,,,PART,ТАМ,PART,М
37240,,Евразия,ЕВРАЗИЯ,S f inan nom sg,,,", справа там _Евразия_ все такое ии",я,и,з,а,р,в,S,ЕВРАЗИЯ,S f inan nom sg,Я
37241,,все,ВСЕ,SPRO - nom sg plen n inan,,,справа там Евразия _все_ такое ии ну,е,с,в,,,,APRO,ВЕСЬ,A - acc pl plen - inan,Е
37242,,такое,ТАКОЙ,APRO - nom sg plen n -,,,"там Евразия все _такое_ ии ну ,",е,о,к,а,т,,APRO,ТАКОЙ,A - nom sg plen n -,Й
37243,,ии,И,CONJ,distort,,"Евразия все такое _ии_ ну , то есть",и,и,,,,,CONJ,ИЯ,S f anim loc sg,И
37244,,ну,НУ,PART,,,"все такое ии _ну_ , то есть и",у,н,,,,,PART,НУ,PART,У
37245,,",",",",PUNCT,,,,,,,,,,PUNCT,,,
37246,,то есть,то есть,CONJ,раздельно,,"ии ну , _то есть_ и выходит что",ь,т,с,е, ,о,CONJ,то есть,ADV -,ь
37247,,и,И,CONJ,,,"ну , то есть _и_ выходит что Европа",и,,,,,,CONJ,И,CONJ,И
37248,,выходит,ВЫХОДИТЬ,V ipf praes sg indic - 3p,,,", то есть и _выходит_ что Европа оказывается",т,и,д,о,х,ы,V,ВЫХОДИТЬ,V ipf praes sg indic - 3p,Ь
37249,,что,ЧТО,CONJ,,,то есть и выходит _что_ Европа оказывается по,о,т,ч,,,,CONJ,ЧТО,CONJ,О
37250,,Европа,ЕВРОПА,S f inan nom sg,,,и выходит что _Европа_ оказывается по центру,а,п,о,р,в,е,S,ЕВРОПА,S f inan nom sg,А
37251,,оказывается,ОКАЗЫВАТЬСЯ,V ipf praes sg indic - 3p,,,"выходит что Европа _оказывается_ по центру ,",я,с,т,е,а,в,V,ОКАЗЫВАТЬСЯ,V ipf praes sg indic - 3p,Я
37252,,по,ПО,PR,,,"что Европа оказывается _по_ центру , то есть",о,п,,,,,PR,ПО,PR,О
37253,,центру,ЦЕНТР,S m inan dat sg,,,"Европа оказывается по _центру_ , то есть по",у,р,т,н,е,ц,S,ЦЕНТР,S m inan dat sg,Р
37254,,",",",",PUNCT,,,,,,,,,,PUNCT,,,
37255,,то есть,то есть,CONJ,раздельно,,"по центру , _то есть_ по сути это",ь,т,с,е, ,о,CONJ,то есть,ADV -,ь
37256,,по,ПО,PR,,,"центру , то есть _по_ сути это выходит",о,п,,,,,PR,ПО,PR,О
37257,,сути,СУТЬ,S f inan dat sg,,,", то есть по _сути_ это выходит все",и,т,у,с,,,S,СУТЬ,S f inan dat sg,Ь
37258,,это,ЭТО,SPRO n - nom sg,,,то есть по сути _это_ выходит все таки,о,т,э,,,,SPRO,ЭТО,S n - nom sg,О
37259,,выходит,ВЫХОДИТЬ,V ipf praes sg indic - 3p,,,по сути это _выходит_ все таки европоцентричная,т,и,д,о,х,ы,V,ВЫХОДИТЬ,V ipf praes sg indic - 3p,Ь
37260,,все,ВСЕ ,SPRO - nom sg n inan,,,сути это выходит _все_ таки европоцентричная карта,е,с,в,,,,APRO,ВЕСЬ,A - acc pl plen - inan, 
37261,,таки,ТАКИ,PART,,,это выходит все _таки_ европоцентричная карта .,и,к,а,т,,,PART,ТАКИ,PART,И
37262,,европоцентричная,ЕВРОПОЦЕНТРИЧНЫЙ,A - nom sg plen f -,,,выходит все таки _европоцентричная_ карта . ,я,а,н,ч,и,р,A,ЕВРОПОЦЕНТРИЧНЫЙ,A - nom sg plen f -,Й
37263,,карта,КАРТА,S f inan nom sg,,,все таки европоцентричная _карта_ .  ,а,т,р,а,к,,S,КАРТА,S f inan nom sg,А
37264,,.,.,PUNCT,,,,,,,,,,PUNCT,,,
37265,,,,,,,,,,,,,,,,,
37266,# sent = 2788,,,,,,,,,,,,,,,,
37267,,Но,НО,CONJ,,,.   _Но_ э но при,о,н,,,,,CONJ,НО,CONJ,О
37268,,э,Э,INTJ,,,  Но _э_ но при этом,э,,,,,,INTJ,Э,INTJ,Э
37269,,но,НО,CONJ,,, Но э _но_ при этом такие,о,н,,,,,CONJ,НО,CONJ,О
37270,,при,ПРИ,PR,,,Но э но _при_ этом такие сейчас,и,р,п,,,,PR,ПРИ,PR,И
37271,,этом,ЭТО,SPRO n - loc sg,,,э но при _этом_ такие сейчас более,м,о,т,э,,,SPRO,ЭТО,S n - loc sg,О
37272,,такие,ТАКОЙ,APRO - nom pl plen - -,,,но при этом _такие_ сейчас более менее,е,и,к,а,т,,APRO,ТАКОЙ,A - nom pl plen - -,Й
37273,,сейчас,СЕЙЧАС,ADV -,,,при этом такие _сейчас_ более менее ,с,а,ч,й,е,с,ADV,СЕЙЧАС,ADV -,С
37274,,более,МНОГО,ADV comp,,,этом такие сейчас _более_ менее  повc,е,е,л,о,б,,ADV,МНОГО,ADV comp,О
37275,,менее,МЕНЕЕ,ADV -,,,такие сейчас более _менее_  повc ,е,е,н,е,м,,ADV,МЕНЕЕ,ADV -,Е
37276,"<distinct form=""",,,,,,,,,,,,,,,,
37277,<dist>,повc,,,,,,,,,,,,,,,
37278,""">",,,,,,,,,,,,,,,,
37279,,повсеместно,ПОВСЕМЕСТНО,ADV -,,, повc  _повсеместно_  ну везде,о,н,т,с,е,м,ADV,ПОВСЕМЕСТНО,ADV -,О
37280,</distinct>,,,,,,,,,,,,,,,,
37281,,ну,НУ,PART,,, повсеместно  _ну_ везде приняты .,у,н,,,,,PART,НУ,PART,У
37282,,везде,ВЕЗДЕ,ADV -,,,повсеместно  ну _везде_ приняты . ,е,д,з,е,в,,ADV,ВЕЗДЕ,ADV -,Е
37283,,приняты,ПРИНЯТЬ, V pf praet pl indic - -,,, ну везде _приняты_ .  ,ы,т,я,н,и,р,A,ПРИНЯТЫЙ,A - - pl brev - -,Ь
37284,,.,.,PUNCT,,,,,,,,,,PUNCT,,,
37285,,,,,,,,,,,,,,,,,
37286,# sent = 2789,,,,,,,,,,,,,,,,
37287,,То есть,То есть,CONJ,раздельно,,".   _То есть_ , мне кажется",ь,т,с,е, ,о,CONJ,То есть,ADV -,ь
37288,,",",",",PUNCT,,,,,,,,,,PUNCT,,,
37289,,мне,Я,SPRO sg 1p - dat,,," То есть , _мне_ кажется гугл мэпс",е,н,м,,,,SPRO,Я,SPRO sg 1p - dat,Я
37290,,кажется,КАЗАТЬСЯ,V ipf praes sg indic - 3p,,,"То есть , мне _кажется_ гугл мэпс ,",я,с,т,е,ж,а,V,КАЗАТЬСЯ,V ipf praes sg indic - 3p,Я
37291,,гугл,ГУГЛ,S m inan acc sg,,,", мне кажется _гугл_ мэпс , если",л,г,у,г,,,S,ГУГЛ,S m inan acc sg,Л
37292,,мэпс,МЭПС,,,,"мне кажется гугл _мэпс_ , если ты",с,п,э,м,,,S,МЭПС,S m inan acc sg,С
37293,,",",",",PUNCT,,,,,,,,,,PUNCT,,,
37294,,если,ЕСЛИ,CONJ,,,"гугл мэпс , _если_ ты открываешь карту",и,л,с,е,,,CONJ,ЕСЛИ,CONJ,И
37295,,ты,ТЫ,SPRO sg 2p - nom,,,"мэпс , если _ты_ открываешь карту мира",ы,т,,,,,SPRO,ТЫ,SPRO sg 2p - nom,Ы
37296,,открываешь,ОТКРЫВАТЬ,V ipf praes sg indic - 2p,,,", если ты _открываешь_ карту мира ,",ь,ш,е,а,в,ы,V,ОТКРЫВАТЬ,V ipf praes sg indic - 2p,Ь
37297,,карту,КАРТА,S f inan acc sg,,,"если ты открываешь _карту_ мира , то",у,т,р,а,к,,S,КАРТА,S f inan acc sg,А
37298,,мира,МИР,S m inan gen sg,,,"ты открываешь карту _мира_ , то там",а,р,и,м,,,S,МИР,S m inan gen sg,Р
37299,,",",",",PUNCT,,,,,,,,,,PUNCT,,,
37300,,то,ТО,CONJ,,,"карту мира , _то_ там выходит ,",о,т,,,,,CONJ,ТО,CONJ,О
37301,,там,ТАМ,ADV -,,,"мира , то _там_ выходит , что",м,а,т,,,,ADV,ТАМ,ADV -,М
37302,,выходит,ВЫХОДИТЬ,V ipf praes sg indic - 3p,,,", то там _выходит_ , что Европа",т,и,д,о,х,ы,V,ВЫХОДИТЬ,V ipf praes sg indic - 3p,Ь
37303,,",",",",PUNCT,,,,,,,,,,PUNCT,,,
37304,,что,ЧТО,CONJ,,,"там выходит , _что_ Европа в центре",о,т,ч,,,,CONJ,ЧТО,CONJ,О
37305,,Европа,ЕВРОПА,S f inan nom sg,,,"выходит , что _Европа_ в центре ,",а,п,о,р,в,е,S,ЕВРОПА,S f inan nom sg,А
37306,,в,В,PR,,,", что Европа _в_ центре , хотя",в,,,,,,PR,В,PR,В
37307,,центре,ЦЕНТР,S m inan loc sg,,,"что Европа в _центре_ , хотя кстати",е,р,т,н,е,ц,S,ЦЕНТР,S m inan loc sg,Р
37308,,",",",",PUNCT,,,,,,,,,,PUNCT,,,
37309,,хотя,ХОТЯ,CONJ,,,"в центре , _хотя_ кстати офис гугл",я,т,о,х,,,CONJ,ХОТЯ,CONJ,Я
37310,,кстати,КСТАТИ,PARENTH,,,"центре , хотя _кстати_ офис гугл ...",и,т,а,т,с,к,ADV,КСТАТИ,ADV -,И
37311,,офис,ОФИС,S m inan nom sg,,,", хотя кстати _офис_ гугл ... гугл",с,и,ф,о,,,S,ОФИС,S m inan nom sg,С
37312,,гугл,ГУГЛ,S m inan gen sg,,,хотя кстати офис _гугл_ ... гугл же,л,г,у,г,,,S,ГУГЛ,S m inan gen sg,Л
37313,,...,...,PUNCT,,,,,,,,,,PUNCT,,,
37314,,гугл,ГУГЛ,S m inan acc sg,,,офис гугл ... _гугл_ же создали вообще-то,л,г,у,г,,,S,ГУГЛ,S m inan acc sg,Л
37315,,же,ЖЕ,CONJ,,,гугл ... гугл _же_ создали вообще-то в,е,ж,,,,,CONJ,ЖЕ,CONJ,Е
37316,,создали,СОЗДАТЬ,V pf praet pl indic - -,,,... гугл же _создали_ вообще-то в Америке,и,л,а,д,з,о,V,СОЗДАТЬ,V pf praet pl indic - -,Ь
37317,,вообще-то,ВООБЩЕ-ТО,PARENTH,,,гугл же создали _вообще-то_ в Америке .,о,т,-,е,щ,б,ADV,ВООБЩЕ-ТО,ADV -,О
37318,,в,В,PR,,,же создали вообще-то _в_ Америке . ,в,,,,,,PR,В,PR,В
37319,,Америке,АМЕРИКА,S f inan loc sg,,,создали вообще-то в _Америке_ .  ,е,к,и,р,е,м,S,АМЕРИКА,S f inan loc sg,А
37320,,.,.,PUNCT,,,,,,,,,,PUNCT,,,
37321,,,,,,,,,,,,,,,,,
37322,# sent = 2790,,,,,,,,,,,,,,,,
37323,,Это,ЭТО,SPRO n - nom sg,,,.   _Это_ странно ... ,о,т,э,,,,SPRO,ЭТО,S n - nom sg,О
37324,,странно,СТРАННО,ADV -,,,  Это _странно_ ...  ,о,н,н,а,р,т,A,СТРАННЫЙ,A - - sg brev n -,О
37325,,...,...,PUNCT,,,,,,,,,,PUNCT,,,
37326,,,,,,,,,,,,,,,,,
37327,# sent = 2791,,,,,,,,,,,,,,,,
37328,,В,В,PR,,,...   _В_ Калифорнии наверное ?,в,,,,,,PR,В,PR,В
37329,,Калифорнии,КАЛИФОРНИЯ,S f inan loc sg,,,  В _Калифорнии_ наверное ? э,и,и,н,р,о,ф,S,КАЛИФОРНИЯ,S f inan loc sg,Я
37330,,наверное,НАВЕРНОЕ,PARENTH,,, В Калифорнии _наверное_ ? э Вот,е,о,н,р,е,в,ADV,НАВЕРНОЕ,ADV -,Е
37331,,?,?,PUNCT,,,,,,,,,,PUNCT,,,
37332,,э,Э,INTJ,,,"Калифорнии наверное ? _э_ Вот , короче",э,,,,,,INTJ,Э,S - - nonflex -,Э
37333,,Вот,ВОТ,PART,,,"наверное ? э _Вот_ , короче да",т,о,в,,,,PART,ВОТ,PART,Т
37334,,",",",",PUNCT,,,,,,,,,,PUNCT,,,
37335,,короче,КОРОЧЕ,ADV comp,,,"э Вот , _короче_ да . ",е,ч,о,р,о,к,ADV,КОРОЧЕ,ADV comp,Е
37336,,да,ДА,PART,,,"Вот , короче _да_ .  ",а,д,,,,,PART,ДА,PART,А
37337,,.,.,PUNCT,,,,,,,,,,PUNCT,,,
37338,,,,,,,,,,,,,,,,,
37339,# sent = 2792,,,,,,,,,,,,,,,,
37340,,Это,ЭТО,SPRO n - nom sg,,,".   _Это_ странно , не",о,т,э,,,,SPRO,ЭТО,S n - nom sg,О
37341,,странно,СТРАННО,ADV -,,,"  Это _странно_ , не думала",о,н,н,а,р,т,A,СТРАННЫЙ,A - - sg brev n -,О
37342,,",",",",PUNCT,,,,,,,,,,PUNCT,,,
37343,,не,НЕ,PART,,,"Это странно , _не_ думала об этом",е,н,,,,,PART,НЕ,PART,Е
37344,,думала,ДУМАТЬ,V ipf praet sg indic f -,,,"странно , не _думала_ об этом .",а,л,а,м,у,д,V,ДУМАТЬ,V ipf praet sg indic f -,Ь
37345,,об,ОБ,PR,,,", не думала _об_ этом . ",б,о,,,,,PR,ОБ,PR,Б
37346,,этом,ЭТО,SPRO n - loc sg,,,не думала об _этом_ .  ,м,о,т,э,,,SPRO,ЭТО,S n - loc sg,О
37347,,.,.,PUNCT,,,,,,,,,,PUNCT,,,
37348,,,,,,,,,,,,,,,,,
37349,# sent = 2793,,,,,,,,,,,,,,,,
37350,,Ээ,ЭЭ,INTJ,,,.   _Ээ_ ...  ,э,э,,,,,NONLEX,ЭЭ,NONLEX,Э
37351,,...,...,PUNCT,,,,,,,,,,PUNCT,,,
37352,,,,,,,,,,,,,,,,,
37353,# sent = 2794,,,,,,,,,,,,,,,,
37354,,Вот,ВОТ,PART,,,...   _Вот_ ...  ,т,о,в,,,,PART,ВОТ,PART,Т
37355,,...,...,PUNCT,,,,,,,,,,PUNCT,,,
37356,,,,,,,,,,,,,,,,,
37357,# sent = 2795,,,,,,,,,,,,,,,,
37358,,И,И,CONJ,,,"...   _И_ Австралия , она",и,,,,,,CONJ,И,CONJ,И
37359,,Австралия,АВСТРАЛИЯ,S f inan nom sg,,,"  И _Австралия_ , она сидит",я,и,л,а,р,т,S,АВСТРАЛИЯ,S f inan nom sg,Я
37360,,",",",",PUNCT,,,,,,,,,,PUNCT,,,
37361,,она,ОНА,SPRO sg 3p f nom,,,"И Австралия , _она_ сидит себя спокойно",а,н,о,,,,SPRO,ОНА,SPRO sg 3p f nom,А
37362,,сидит,СИДЕТЬ,V ipf praes sg indic - 3p,,,"Австралия , она _сидит_ себя спокойно в",т,и,д,и,с,,V,СИДЕТЬ,V ipf praes sg indic - 3p,Ь
37363,,себя,СЕБЯ,SPRO - - - acc,,,", она сидит _себя_ спокойно в уголочке",я,б,е,с,,,SPRO,СЕБЯ,SPRO - - - acc,Я
37364,,спокойно,СПОКОЙНО,ADV -,,,она сидит себя _спокойно_ в уголочке э,о,н,й,о,к,о,ADV,СПОКОЙНО,ADV -,О
37365,,в,В,PR,,,сидит себя спокойно _в_ уголочке э вот,в,,,,,,PR,В,PR,В
37366,,уголочке,УГОЛОЧЕК,S m inan loc sg,,,себя спокойно в _уголочке_ э вот там,е,к,ч,о,л,о,S,УГОЛОЧЕК,S m inan loc sg,К
37367,,э,Э,INTJ,,,спокойно в уголочке _э_ вот там вот,э,,,,,,INTJ,Э,S f inan nonflex -,Э
37368,,вот,ВОТ,PART,,,в уголочке э _вот_ там вот классная,т,о,в,,,,PART,ВОТ,PART,Т
37369,,там,ТАМ,ADV -,,,уголочке э вот _там_ вот классная такая,м,а,т,,,,ADV,ТАМ,ADV -,М
37370,,вот,ВОТ,PART,,,э вот там _вот_ классная такая на,т,о,в,,,,PART,ВОТ,PART,Т
37371,,классная,КЛАССНЫЙ,A - nom sg plen f -,,,вот там вот _классная_ такая на карте,я,а,н,с,с,а,A,КЛАССНЫЙ,A - nom sg plen f -,Й
37372,,такая,ТАКОЙ,APRO - nom sg plen f -,,,там вот классная _такая_ на карте сбоку,я,а,к,а,т,,APRO,ТАКОЙ,A - nom sg plen f -,Й
37373,,на,НА,PR,,,вот классная такая _на_ карте сбоку .,а,н,,,,,PR,НА,PR,А
37374,,карте,КАРТА,S f inan loc sg,,,классная такая на _карте_ сбоку . ,е,т,р,а,к,,S,КАРТА,S f inan loc sg,А
37375,,сбоку,СБОКУ,ADV -,,,такая на карте _сбоку_ .  ,у,к,о,б,с,,ADV,СБОКУ,ADV -,У
37376,,.,.,PUNCT,,,,,,,,,,PUNCT,,,
37377,,,,,,,,,,,,,,,,,
37378,# sent = 2796,,,,,,,,,,,,,,,,
37379,,Ее,ОНА,SPRO sg 3p f acc,,,.   _Ее_ ничего не трогает,е,е,,,,,SPRO,ОНА,SPRO sg 3p f acc,А
37380,,ничего,НИЧТО,SPRO n inan gen sg,,,"  Ее _ничего_ не трогает ,",о,г,е,ч,и,н,SPRO,НИЧТО,S n - gen sg,О
37381,,не,НЕ,PART,,," Ее ничего _не_ трогает , она",е,н,,,,,PART,НЕ,PART,Е
37382,,трогает,ТРОГАТЬ,V ipf praes sg indic - 3p,,,"Ее ничего не _трогает_ , она никого",т,е,а,г,о,р,V,ТРОГАТЬ,V ipf praes sg indic - 3p,Ь
37383,,",",",",PUNCT,,,,,,,,,,PUNCT,,,
37384,,она,ОНА,SPRO sg 3p f nom,,,"не трогает , _она_ никого не трогает",а,н,о,,,,SPRO,ОНА,SPRO sg 3p f nom,А
37385,,никого,НИКТО,SPRO m - acc sg,,,"трогает , она _никого_ не трогает ,",о,г,о,к,и,н,S,НИКТО,S m - acc sg,О
37386,,не,НЕ,PART,,,", она никого _не_ трогает , и",е,н,,,,,PART,НЕ,PART,Е
37387,,трогает,ТРОГАТЬ,V ipf praes sg indic - 3p,,,"она никого не _трогает_ , и все",т,е,а,г,о,р,V,ТРОГАТЬ,V ipf praes sg indic - 3p,Ь
37388,,",",",",PUNCT,,,,,,,,,,PUNCT,,,
37389,,и,И,CONJ,,,"не трогает , _и_ все хорошо .",и,,,,,,CONJ,И,CONJ,И
37390,,все,ВСЕ,SPRO - nom sg n inan,,,"трогает , и _все_ хорошо . ",е,с,в,,,,S,ВСЕ,S - - nom pl,Е
37391,,хорошо,ХОРОШО,PRAEDIC,,,", и все _хорошо_ .  ",о,ш,о,р,о,х,ADV,ХОРОШО,ADV -,О
37392,,.,.,PUNCT,,,,,,,,,,PUNCT,,,
37393,,,,,,,,,,,,,,,,,
37394,# sent = 2797,,,,,,,,,,,,,,,,
37395,,Надо,НАДО,PRAEDIC,,,.   _Надо_ жить в Австралии,о,д,а,н,,,PRAEDIC,НАДО,ADV -,О
37396,,жить,ЖИТЬ,V ipf - - inf - -,,,  Надо _жить_ в Австралии .,ь,т,и,ж,,,V,ЖИТЬ,V ipf - - inf - -,Ь
37397,,в,В,PR,,, Надо жить _в_ Австралии . ,в,,,,,,PR,В,PR,В
37398,,Австралии,АВСТРАЛИЯ,S f inan loc sg,,,Надо жить в _Австралии_ .  ,и,и,л,а,р,т,S,АВСТРАЛИЯ,S f inan loc sg,Я
37399,,.,.,PUNCT,,,,,,,,,,PUNCT,,,
37400,,,,,,,,,,,,,,,,,
37401,# sent = 2798,,,,,,,,,,,,,,,,
37402,,Ээ,ЭЭ,INTJ,,,.   _Ээ_ но кстати между прочим,э,э,,,,,NONLEX,ЭЭ,NONLEX,Э
37403,,но,НО,CONJ,,,  Ээ _но_ кстати между прочим вот,о,н,,,,,CONJ,НО,CONJ,О
37404,,кстати,КСТАТИ,PARENTH,,," Ээ но _кстати_ между прочим вот ,",и,т,а,т,с,к,ADV,КСТАТИ,ADV -,И
37405,,между прочим,между прочим,ADV -,раздельно,,"Ээ но кстати _между прочим_ вот , вот",м,и,ч,о,р,п,ADV,между прочим,ADV -,м
37406,,вот,ВОТ,PART,,,"но кстати между прочим _вот_ , вот есть",т,о,в,,,,PART,ВОТ,PART,Т
37407,,",",",",PUNCT,,,,,,,,,,PUNCT,,,
37408,,вот,ВОТ,PART,,,"между прочим вот , _вот_ есть Австралия ,",т,о,в,,,,PART,ВОТ,PART,Т
37409,,есть,БЫТЬ,V ipf praes sg indic - 3p,,,"вот , вот _есть_ Австралия , а",ь,т,с,е,,,V,БЫТЬ,V ipf praes sg indic - 3p,Ь
37410,,Австралия,АВСТРАЛИЯ,S f inan nom sg,,,", вот есть _Австралия_ , а есть",я,и,л,а,р,т,S,АВСТРАЛИЯ,S f inan nom sg,Я
37411,,",",",",PUNCT,,,,,,,,,,PUNCT,,,
37412,,а,А,CONJ,,,"есть Австралия , _а_ есть Новая Зеландия",а,,,,,,CONJ,А,CONJ,А
37413,,есть,БЫТЬ,V ipf praes sg indic - 3p,,,"Австралия , а _есть_ Новая Зеландия .",ь,т,с,е,,,V,БЫТЬ,V ipf praes sg indic - 3p,Ь
37414,,Новая,НОВЫЙ,A - nom sg plen f -,,,", а есть _Новая_ Зеландия . ",я,а,в,о,н,,A,НОВЫЙ,A - nom sg plen f -,Й
37415,,Зеландия,ЗЕЛАНДИЯ,S f inan nom sg,,,а есть Новая _Зеландия_ .  ,я,и,д,н,а,л,S,ЗЕЛАНДИЯ,S f inan nom sg,Я
37416,,.,.,PUNCT,,,,,,,,,,PUNCT,,,
37417,,,,,,,,,,,,,,,,,
37418,# sent = 2799,,,,,,,,,,,,,,,,
37419,,Она,ОНА,SPRO sg 3p f nom,,,.   _Она_ …  ,а,н,о,,,,SPRO,ОНА,SPRO sg 3p f nom,А
37420,,…,…,PUNCT,,,,,,,,,,PUNCT,,,
37421,,,,,,,,,,,,,,,,,
37422,# sent = 2800,,,,,,,,,,,,,,,,
37423,,Не,НЕ,PART,,,…   _Не_ могу представить где,е,н,,,,,PART,НЕ,PART,Е
37424,,могу,МОЧЬ,V ipf praes sg indic - 1p,,,  Не _могу_ представить где Новая,у,г,о,м,,,V,МОЧЬ,V ipf praes sg indic - 1p,Ь
37425,,представить,ПРЕДСТАВИТЬ,V pf - - inf - -,,, Не могу _представить_ где Новая Зеландия,ь,т,и,в,а,т,V,ПРЕДСТАВИТЬ,V pf - - inf - -,Ь
37426,,где,ГДЕ,ADV -,,,Не могу представить _где_ Новая Зеландия относительно,е,д,г,,,,ADV,ГДЕ,ADV -,Е
37427,,Новая,НОВЫЙ,A - nom sg plen f -,,,могу представить где _Новая_ Зеландия относительно Австралии,я,а,в,о,н,,A,НОВЫЙ,A - nom sg plen f -,Й
37428,,Зеландия,ЗЕЛАНДИЯ,S f inan nom sg,,,представить где Новая _Зеландия_ относительно Австралии .,я,и,д,н,а,л,S,ЗЕЛАНДИЯ,S f inan nom sg,Я
37429,,относительно,ОТНОСИТЕЛЬНО,PR,,,где Новая Зеландия _относительно_ Австралии . ,о,н,ь,л,е,т,PR,ОТНОСИТЕЛЬНО,PR,О
37430,,Австралии,АВСТРАЛИЯ,S f inan loc sg,,,Новая Зеландия относительно _Австралии_ .  ,и,и,л,а,р,т,S,АВСТРАЛИЯ,S f inan loc sg,Я
37431,,.,.,PUNCT,,,,,,,,,,PUNCT,,,
37432,,,,,,,,,,,,,,,,,
37433,# sent = 2801,,,,,,,,,,,,,,,,
37434,,Наа,НА,PR,distort,,.   _Наа_ северо … .,а,а,н,,,,PR,НАА,S n inan nonflex -,А
37435,,северо,СЕВЕРО,COM,,,  Наа _северо_ … . а,о,р,е,в,е,с,COM,СЕВЕРО,COM,О
37436,,…,….,PUNCT,,,,,,,,,,PUNCT,,,
37437,,.,.,PUNCT,,,,,,,,,,PUNCT,,,
37438,,а,А,CONJ,,,"северо … . _а_ нет , на",а,,,,,,CONJ,А,CONJ,А
37439,,нет,НЕТ,PART,,,"… . а _нет_ , на на",т,е,н,,,,ADV,НЕТ,ADV -,Т
37440,,",",",",PUNCT,,,,,,,,,,PUNCT,,,
37441,,на,НА,PR,,,"а нет , _на_ на юг ,",а,н,,,,,PR,НА,PR,А
37442,,на,НА,PR,,,"нет , на _на_ юг , она",а,н,,,,,PR,НА,PR,А
37443,,юг,ЮГ,S m inan acc sg,,,", на на _юг_ , она ниже",г,ю,,,,,S,ЮГ,S m inan acc sg,Г
37444,,",",",",PUNCT,,,,,,,,,,PUNCT,,,
37445,,она,ОНА,SPRO sg 3p f nom,,,"на юг , _она_ ниже ? ",а,н,о,,,,SPRO,ОНА,SPRO sg 3p f nom,А
37446,,ниже,НИЖЕ,ADV -,,,"юг , она _ниже_ ?  ",е,ж,и,н,,,ADV,НИЖЕ,ADV -,Е
37447,,?,?,PUNCT,,,,,,,,,,PUNCT,,,
37448,,,,,,,,,,,,,,,,,
37449,# sent = 2802,,,,,,,,,,,,,,,,
37450,,Ну,НУ,PART,,,?   _Ну_ короче ладно предположим,у,н,,,,,PART,НУ,PART,У
37451,,короче,КОРОЧЕ,ADV comp,,,"  Ну _короче_ ладно предположим ,",е,ч,о,р,о,к,ADV,КОРОЧЕ,ADV comp,Е
37452,,ладно,ЛАДНО,PART,,," Ну короче _ладно_ предположим , что",о,н,д,а,л,,PART,ЛАДНО,PART,О
37453,,предположим,ПРЕДПОЛОЖИТЬ,V pf - pl imper - 1p,,,"Ну короче ладно _предположим_ , что на",м,и,ж,о,л,о,V,ПРЕДПОЛОЖИТЬ,V pf - pl imper - 1p,Ь
37454,,",",",",PUNCT,,,,,,,,,,PUNCT,,,
37455,,что,ЧТО,CONJ,,,"ладно предположим , _что_ на юго-восток ,",о,т,ч,,,,CONJ,ЧТО,CONJ,О
37456,,на,НА,PR,,,"предположим , что _на_ юго-восток , наверное",а,н,,,,,PR,НА,PR,А
37457,,юго-восток,ЮГО-ВОСТОК,S m inan acc sg,,,", что на _юго-восток_ , наверное ,",к,о,т,с,о,в,S,ЮГО-ВОСТОК,S m inan acc sg,К
37458,,",",",",PUNCT,,,,,,,,,,PUNCT,,,
37459,,наверное,НАВЕРНОЕ,PARENTH,,,"на юго-восток , _наверное_ , возможно ,",е,о,н,р,е,в,ADV,НАВЕРНОЕ,ADV -,Е
37460,,",",",",PUNCT,,,,,,,,,,PUNCT,,,
37461,,возможно,ВОЗМОЖНО,PARENTH,,,", наверное , _возможно_ , или на",о,н,ж,о,м,з,ADV,ВОЗМОЖНО,ADV -,О
37462,,",",",",PUNCT,,,,,,,,,,PUNCT,,,
37463,,или,ИЛИ,CONJ,,,", возможно , _или_ на  югос",и,л,и,,,,CONJ,ИЛИ,CONJ,И
37464,,на,НА,PR,,,"возможно , или _на_  югос ",а,н,,,,,PR,НА,PR,А
37465,"<distinct form=""",,,,,,,,,,,,,,,,
37466,<dist>,югос,,,,,,,,,,,,,,,
37467,""">",,,,,,,,,,,,,,,,
37468,,юго,ЮГО,COM,,, югос  _юго_ - север ,о,г,ю,,,,COM,ЮГО,COM,О
37469,,-,-,PUNCT,,,,,,,,,,PUNCT,,,
37470,,север,СЕВЕР,S m inan acc sg,,," юго - _север_  , или",р,е,в,е,с,,S,СЕВЕР,S m inan acc sg,Р
37471,</distinct>,,,,,,,,,,,,,,,,
37472,,",",",",PUNCT,,,,,,,,,,PUNCT,,,
37473,,или,ИЛИ,CONJ,,,"север  , _или_ на северо-восток ,",и,л,и,,,,CONJ,ИЛИ,CONJ,И
37474,,на,НА,PR,,," , или _на_ северо-восток , или",а,н,,,,,PR,НА,PR,А
37475,,северо-восток,СЕВЕРО-ВОСТОК,S m inan acc sg,,,", или на _северо-восток_ , или на",к,о,т,с,о,в,S,СЕВЕРО-ВОСТОК,S m inan acc sg,К
37476,,",",",",PUNCT,,,,,,,,,,PUNCT,,,
37477,,или,ИЛИ,CONJ,,,"на северо-восток , _или_ на северо-запад .",и,л,и,,,,CONJ,ИЛИ,CONJ,И
37478,,на,НА,PR,,,"северо-восток , или _на_ северо-запад . ",а,н,,,,,PR,НА,PR,А
37479,,северо-запад,СЕВЕРО-ЗАПАД,S m inan acc sg,,,", или на _северо-запад_ .  ",д,а,п,а,з,-,S,СЕВЕРО-ЗАПАД,S m inan acc sg,Д
37480,,.,.,PUNCT,,,,,,,,,,PUNCT,,,
37481,,,,,,,,,,,,,,,,,
37482,# sent = 2803,,,,,,,,,,,,,,,,
37483,,Точно,ТОЧНО,ADV -,,,.   _Точно_ не на ,о,н,ч,о,т,,ADV,ТОЧНО,ADV -,О
37484,,не,НЕ,PART,,,  Точно _не_ на  югоэзапад,е,н,,,,,PART,НЕ,PART,Е
37485,,на,НА,PR,,, Точно не _на_  югоэзапад ,а,н,,,,,PR,НА,PR,А
37486,"<distinct form=""",,,,,,,,,,,,,,,,
37487,<dist>,югоэзапад,,,,,,,,,,,,,,,
37488,""">",,,,,,,,,,,,,,,,
37489,,юго-запад,ЮГО-ЗАПАД,S m inan acc sg,,, югоэзапад  _юго-запад_  . ,д,а,п,а,з,-,S,ЮГО-ЗАПАД,S m inan acc sg,Д
37490,</distinct>,,,,,,,,,,,,,,,,
37491,,.,.,PUNCT,,,,,,,,,,PUNCT,,,
37492,,,,,,,,,,,,,,,,,
37493,# sent = 2804,,,,,,,,,,,,,,,,
37494,,Э,Э,INTJ,,,".   _Э_ вот , и",э,,,,,,INTJ,Э,INTJ,Э
37495,,вот,ВОТ,PART,,,"  Э _вот_ , и при",т,о,в,,,,PART,ВОТ,PART,Т
37496,,",",",",PUNCT,,,,,,,,,,PUNCT,,,
37497,,и,И,CONJ,,,"Э вот , _и_ при этом казалось",и,,,,,,CONJ,И,CONJ,И
37498,,при,ПРИ,PR,,,"вот , и _при_ этом казалось бы",и,р,п,,,,PR,ПРИ,PR,И
37499,,этом,ЭТО,SPRO n - loc sg,,,", и при _этом_ казалось бы ,",м,о,т,э,,,SPRO,ЭТО,S n - loc sg,О
37500,,казалось,КАЗАТЬСЯ,V ipf praet sg indic n -,,,"и при этом _казалось_ бы , типа",ь,с,о,л,а,з,V,КАЗАТЬСЯ,V ipf praet sg indic n -,Я
37501,,бы,БЫ,PART,,,"при этом казалось _бы_ , типа сидят",ы,б,,,,,PART,БЫ,PART,Ы
37502,,",",",",PUNCT,,,,,,,,,,PUNCT,,,
37503,,типа,ТИПА,PART,,,"казалось бы , _типа_ сидят себе в",а,п,и,т,,,PART,ТИПА,PART,А
37504,,сидят,СИДЕТЬ,V ipf praes pl indic - 3p,,,"бы , типа _сидят_ себе в Новой",т,я,д,и,с,,V,СИДЕТЬ,V ipf praes pl indic - 3p,Ь
37505,,себе,СЕБЯ,PART,,,", типа сидят _себе_ в Новой Зеландии",е,б,е,с,,,PART,СЕБЯ,PART,Я
37506,,в,В,PR,,,типа сидят себе _в_ Новой Зеландии люди,в,,,,,,PR,В,PR,В
37507,,Новой,НОВЫЙ,A - loc sg plen f -,,,сидят себе в _Новой_ Зеландии люди и,й,о,в,о,н,,A,НОВЫЙ,A - loc sg plen f -,Й
37508,,Зеландии,ЗЕЛАНДИЯ,S f inan loc sg,,,себе в Новой _Зеландии_ люди и чо,и,и,д,н,а,л,S,ЗЕЛАНДИЯ,S f inan loc sg,Я
37509,,люди,ЧЕЛОВЕК,S m anim nom pl,,,в Новой Зеландии _люди_ и чо им,и,д,ю,л,,,S,ЧЕЛОВЕК,S m anim nom pl,К
37510,,и,И,CONJ,,,Новой Зеландии люди _и_ чо им куда-то,и,,,,,,CONJ,И,CONJ,И
37511,,чо,ЧО,INTJ,,,Зеландии люди и _чо_ им куда-то бегать,о,ч,,,,,NONLEX,ЧО,NONLEX,О
37512,,им,ОНИ,SPRO pl - - dat,,,"люди и чо _им_ куда-то бегать ,",м,и,,,,,SPRO,ОНИ,SPRO pl - - dat,И
37513,,куда-то,КУДА-ТО,ADV -,,,"и чо им _куда-то_ бегать , в",о,т,-,а,д,у,ADV,КУДА-ТО,ADV -,О
37514,,бегать,БЕГАТЬ,V ipf - - inf - -,,,"чо им куда-то _бегать_ , в мировых",ь,т,а,г,е,б,V,БЕГАТЬ,V ipf - - inf - -,Ь
37515,,",",",",PUNCT,,,,,,,,,,PUNCT,,,
37516,,в,В,PR,,,"куда-то бегать , _в_ мировых войнах участвовать",в,,,,,,PR,В,PR,В
37517,,мировых,МИРОВОЙ,A - loc pl plen - -,,,"бегать , в _мировых_ войнах участвовать ,",х,ы,в,о,р,и,A,МИРОВОЙ,A - loc pl plen - -,Й
37518,,войнах,ВОЙНА,S f inan loc pl,,,", в мировых _войнах_ участвовать , но",х,а,н,й,о,в,S,ВОЙНА,S f inan loc pl,А
37519,,участвовать,УЧАСТВОВАТЬ,V ipf - - inf - -,,,"в мировых войнах _участвовать_ , но в",ь,т,а,в,о,в,V,УЧАСТВОВАТЬ,V ipf - - inf - -,Ь
37520,,",",",",PUNCT,,,,,,,,,,PUNCT,,,
37521,,но,НО,CONJ,,,"войнах участвовать , _но_ в первой мировой",о,н,,,,,CONJ,НО,CONJ,О
37522,,в,В,PR,,,"участвовать , но _в_ первой мировой войне",в,,,,,,PR,В,PR,В
37523,,первой,ПЕРВЫЙ,ANUM - loc sg plen f -,,,", но в _первой_ мировой войне на",й,о,в,р,е,п,A,ПЕРВЫЙ,A - loc sg plen f -,Й
37524,,мировой,МИРОВОЙ,A - gen sg plen f -,,,но в первой _мировой_ войне на стороне,й,о,в,о,р,и,A,МИРОВОЙ,A - gen sg plen f -,Й
37525,,войне,ВОЙНА,S f inan loc sg,,,в первой мировой _войне_ на стороне Англии,е,н,й,о,в,,S,ВОЙНА,S f inan loc sg,А
37526,,на,НА,PR,,,первой мировой войне _на_ стороне Англии сражалось,а,н,,,,,PR,НА,PR,А
37527,,стороне,СТОРОНА,S f inan loc sg,,,мировой войне на _стороне_ Англии сражалось куча,е,н,о,р,о,т,S,СТОРОНА,S f inan loc sg,А
37528,,Англии,АНГЛИЯ,S f inan gen sg,,,войне на стороне _Англии_ сражалось куча людей,и,и,л,г,н,а,S,АНГЛИЯ,S f inan gen sg,Я
37529,,сражалось,СРАЖАТЬСЯ,V ipf praet sg indic n -,,,на стороне Англии _сражалось_ куча людей из,ь,с,о,л,а,ж,V,СРАЖАТЬСЯ,V ipf praet sg indic n -,Я
37530,,куча,КУЧА,S f inan nom sg,,,стороне Англии сражалось _куча_ людей из Новой,а,ч,у,к,,,S,КУЧА,S f inan nom sg,А
37531,,людей,ЧЕЛОВЕК,S m anim gen pl,,,Англии сражалось куча _людей_ из Новой Зеландии,й,е,д,ю,л,,S,ЧЕЛОВЕК,S m anim gen pl,К
37532,,из,ИЗ,PR,,,сражалось куча людей _из_ Новой Зеландии .,з,и,,,,,PR,ИЗ,PR,З
37533,,Новой,НОВЫЙ,A - loc sg plen f -,,,куча людей из _Новой_ Зеландии . ,й,о,в,о,н,,A,НОВЫЙ,A - loc sg plen f -,Й
37534,,Зеландии,ЗЕЛАНДИЯ,S f inan loc sg,,,людей из Новой _Зеландии_ .  ,и,и,д,н,а,л,S,ЗЕЛАНДИЯ,S f inan loc sg,Я
37535,,.,.,PUNCT,,,,,,,,,,PUNCT,,,
37536,,,,,,,,,,,,,,,,,
37537,# sent = 2805,,,,,,,,,,,,,,,,
37538,,И,И,CONJ,,,.   _И_ в принципе в,и,,,,,,CONJ,И,CONJ,И
37539,,в,В,PR,,,  И _в_ принципе в процентом,в,,,,,,PR,В,PR,В
37540,,принципе,ПРИНЦИП,S m inan loc sg,,, И в _принципе_ в процентом соотношении,е,п,и,ц,н,и,S,ПРИНЦИП,S m inan loc sg,П
37541,,в,В,PR,,,И в принципе _в_ процентом соотношении всех,в,,,,,,PR,В,PR,В
37542,,процентном,ПРОЦЕНТНЫЙ,A - loc sg plen n -,distort,,в принципе в _процентном_ соотношении всех остальных,м,о,т,н,е,ц,S,ПРОЦЕНТ,S m inan ins sg,Й
37543,,соотношении,СООТНОШЕНИЕ,S n inan loc sg,,,принципе в процентом _соотношении_ всех остальных людей,и,и,н,е,ш,о,S,СООТНОШЕНИЕ,S n inan loc sg,Е
37544,,всех,ВСЕ,SPRO - gen pl plen - -,,,"в процентом соотношении _всех_ остальных людей ,",х,е,с,в,,,APRO,ВЕСЬ,A - gen pl plen - -,Е
37545,,остальных,ОСТАЛЬНОЙ,A - gen pl plen - -,,,"процентом соотношении всех _остальных_ людей , это",х,ы,н,ь,л,а,A,ОСТАЛЬНОЙ,A - gen pl plen - -,Й
37546,,людей,ЧЕЛОВЕК,S m anim gen pl,,,"соотношении всех остальных _людей_ , это выходит",й,е,д,ю,л,,S,ЧЕЛОВЕК,S m anim gen pl,К
37547,,",",",",PUNCT,,,,,,,,,,PUNCT,,,
37548,,это,ЭТО,SPRO n - nom sg,,,"остальных людей , _это_ выходит не очень",о,т,э,,,,SPRO,ЭТО,S n - nom sg,О
37549,,выходит,ВЫХОДИТЬ,V ipf praes sg indic - 3p,,,"людей , это _выходит_ не очень много",т,и,д,о,х,ы,V,ВЫХОДИТЬ,V ipf praes sg indic - 3p,Ь
37550,,не,НЕ,PART,,,", это выходит _не_ очень много .",е,н,,,,,PART,НЕ,PART,Е
37551,,очень,ОЧЕНЬ,ADV -,,,это выходит не _очень_ много . ,ь,н,е,ч,о,,ADV,ОЧЕНЬ,ADV -,Ь
37552,,много,МНОГО,ADV -,,,выходит не очень _много_ .  ,о,г,о,н,м,,ADV,МНОГО,ADV -,О
37553,,.,.,PUNCT,,,,,,,,,,PUNCT,,,
37554,,,,,,,,,,,,,,,,,
37555,# sent = 2806,,,,,,,,,,,,,,,,
37556,,Ну,НУ,PART,,,".   _Ну_ то есть , что",у,н,,,,,PART,НУ,PART,У
37557,,то есть,то есть,CONJ,раздельно,,"  Ну _то есть_ , что и",ь,т,с,е, ,о,CONJ,то есть,ADV -,ь
37558,,",",",",PUNCT,,,,,,,,,,PUNCT,,,
37559,,что,ЧТО,CONJ,,,"Ну то есть , _что_ и по сравнению",о,т,ч,,,,CONJ,ЧТО,CONJ,О
37560,,и,И,CONJ,,,"то есть , что _и_ по сравнению др",и,,,,,,CONJ,И,CONJ,И
37561,,по,ПО,PR,,,", что и _по_ сравнению др с",о,п,,,,,PR,ПО,PR,О
37562,,сравнению,СРАВНЕНИЕ,S n inan dat sg,,,что и по _сравнению_ др с людьми,ю,и,н,е,н,в,S,СРАВНЕНИЕ,S n inan dat sg,Е
37563,,др,ДРУГОЙ,APRO - ins pl - - -,,,и по сравнению _др_ с людьми из,р,д,,,,,S,ДР,S - inan loc pl,Й
37564,,с,С,PR,,,по сравнению др _с_ людьми из других,с,,,,,,PR,С,PR,С
37565,,людьми,ЧЕЛОВЕК,S m anim ins pl,,,сравнению др с _людьми_ из других стран,и,м,ь,д,ю,л,S,ЧЕЛОВЕК,S m anim ins pl,К
37566,,из,ИЗ,PR,,,др с людьми _из_ других стран возможно,з,и,,,,,PR,ИЗ,PR,З
37567,,других,ДРУГОЙ,APRO - gen pl plen - -,,,с людьми из _других_ стран возможно их,х,и,г,у,р,д,A,ДРУГОЙ,A - gen pl plen - -,Й
37568,,стран,СТРАНА,S f inan gen pl,,,людьми из других _стран_ возможно их не,н,а,р,т,с,,S,СТРАНА,S f inan gen pl,А
37569,,возможно,ВОЗМОЖНО,PARENTH,,,из других стран _возможно_ их не так,о,н,ж,о,м,з,ADV,ВОЗМОЖНО,ADV -,О
37570,,их,ОНИ,SPRO pl - - acc,,,других стран возможно _их_ не так много,х,и,,,,,SPRO,ОНИ,SPRO pl - - acc,И
37571,,не,НЕ,PART,,,"стран возможно их _не_ так много ,",е,н,,,,,PART,НЕ,PART,Е
37572,,так,ТАК,ADV -,,,"возможно их не _так_ много , но",к,а,т,,,,ADV,ТАК,ADV -,К
37573,,много,МНОГО,ADV -,,,"их не так _много_ , но например",о,г,о,н,м,,ADV,МНОГО,ADV -,О
37574,,",",",",PUNCT,,,,,,,,,,PUNCT,,,
37575,,но,НО,CONJ,,,"так много , _но_ например в операции",о,н,,,,,CONJ,НО,CONJ,О
37576,,например,НАПРИМЕР,ADV -,,,"много , но _например_ в операции ,",р,е,м,и,р,п,ADV,НАПРИМЕР,ADV -,Р
37577,,в,В,PR,,,", но например _в_ операции , по",в,,,,,,PR,В,PR,В
37578,,операции,ОПЕРАЦИЯ,S f inan gen sg,,,"но например в _операции_ , по попытке",и,и,ц,а,р,е,S,ОПЕРАЦИЯ,S f inan gen sg,Я
37579,,",",",",PUNCT,,,,,,,,,,PUNCT,,,
37580,,по,ПО,PR,,,"в операции , _по_ попытке захвату проливов",о,п,,,,,PR,ПО,PR,О
37581,,попытке,ПОПЫТКА,S f inan loc sg,,,"операции , по _попытке_ захвату проливов черноморских",е,к,т,ы,п,о,S,ПОПЫТКА,S f inan loc sg,А
37582,,захвату,ЗАХВАТ,S m inan dat sg,,,", по попытке _захвату_ проливов черноморских ,",у,т,а,в,х,а,S,ЗАХВАТ,S m inan dat sg,Т
37583,,проливов,ПРОЛИВ,S m inan gen pl,,,"по попытке захвату _проливов_ черноморских , то есть",в,о,в,и,л,о,S,ПРОЛИВ,S m inan gen pl,В
37584,,черноморских,ЧЕРНОМОРСКИЙ,A - gen pl plen - -,,,"попытке захвату проливов _черноморских_ , то есть Босфора",х,и,к,с,р,о,A,ЧЕРНОМОРСКИЙ,A - gen pl plen - -,Й
37585,,",",",",PUNCT,,,,,,,,,,PUNCT,,,
37586,,то есть,то есть,CONJ,раздельно,,"проливов черноморских , _то есть_ Босфора и Дарданелл",ь,т,с,е, ,о,CONJ,то есть,ADV -,ь
37587,,Босфора,БОСФОР,S m inan gen sg,,,"черноморских , то есть _Босфора_ и Дарданелл там",а,р,о,ф,с,о,S,БОСФОР,S m inan gen sg,Р
37588,,и,И,CONJ,,,", то есть Босфора _и_ Дарданелл там погибло",и,,,,,,CONJ,И,CONJ,И
37589,,Дарданелл,ДАРДАНЕЛЛЫ,S m inan gen sg,,,то есть Босфора и _Дарданелл_ там погибло очень,л,л,е,н,а,д,S,ДАРДАНЕЛЛЫ,S m anim nom sg,Ы
37590,,там,ТАМ,ADV -,,,Босфора и Дарданелл _там_ погибло очень много,м,а,т,,,,ADV,ТАМ,ADV -,М
37591,,погибло,ПОГИБНУТЬ,V pf praet sg indic n -,,,и Дарданелл там _погибло_ очень много новозеландцев,о,л,б,и,г,о,V,ПОГИБНУТЬ,V pf praet sg indic n -,Ь
37592,,очень,ОЧЕНЬ,ADV -,,,Дарданелл там погибло _очень_ много новозеландцев и,ь,н,е,ч,о,,ADV,ОЧЕНЬ,ADV -,Ь
37593,,много,МНОГО,ADV -,,,там погибло очень _много_ новозеландцев и в,о,г,о,н,м,,ADV,МНОГО,ADV -,О
37594,,новозеландцев,НОВОЗЕЛАНДЕЦ,S m anim acc pl,,,погибло очень много _новозеландцев_ и в процентом,в,е,ц,д,н,а,S,НОВОЗЕЛАНДЕЦ,S m anim acc pl,Ц
37595,,и,И,CONJ,,,очень много новозеландцев _и_ в процентом соотношении,и,,,,,,CONJ,И,CONJ,И
37596,,в,В,PR,,,много новозеландцев и _в_ процентом соотношении к,в,,,,,,PR,В,PR,В
37597,,процентном,ПРОЦЕНТНЫЙ,A - loc sg plen n -,distort,,новозеландцев и в _процентном_ соотношении к жителям,м,о,т,н,е,ц,S,ПРОЦЕНТ,S m inan ins sg,Й
37598,,соотношении,СООТНОШЕНИЕ,S n inan loc sg,,,и в процентом _соотношении_ к жителям страны,и,и,н,е,ш,о,S,СООТНОШЕНИЕ,S n inan loc sg,Е
37599,,к,К,PR,,,в процентом соотношении _к_ жителям страны это,к,,,,,,PR,К,PR,К
37600,,жителям,ЖИТЕЛЬ,S m anim dat pl,,,процентом соотношении к _жителям_ страны это выходит,м,я,л,е,т,и,S,ЖИТЕЛЬ,S m anim dat pl,Ь
37601,,страны,СТРАНА,S f inan gen sg,,,соотношении к жителям _страны_ это выходит очень,ы,н,а,р,т,с,S,СТРАНА,S f inan gen sg,А
37602,,это,ЭТО,SPRO n - nom sg,,,к жителям страны _это_ выходит очень много,о,т,э,,,,SPRO,ЭТО,S n - nom sg,О
37603,,выходит,ВЫХОДИТЬ,V ipf praes sg indic - 3p,,,жителям страны это _выходит_ очень много .,т,и,д,о,х,ы,V,ВЫХОДИТЬ,V ipf praes sg indic - 3p,Ь
37604,,очень,ОЧЕНЬ,ADV -,,,страны это выходит _очень_ много . ,ь,н,е,ч,о,,ADV,ОЧЕНЬ,ADV -,Ь
37605,,много,МНОГО,ADV -,,,это выходит очень _много_ .  ,о,г,о,н,м,,ADV,МНОГО,ADV -,О
37606,,.,.,PUNCT,,,,,,,,,,PUNCT,,,
37607,,,,,,,,,,,,,,,,,
37608,# sent = 2807,,,,,,,,,,,,,,,,
37609,,И,И,CONJ,,,.   _И_ кстати это все,и,,,,,,CONJ,И,CONJ,И
37610,,кстати,КСТАТИ,PARENTH,,,  И _кстати_ это все вина,и,т,а,т,с,к,ADV,КСТАТИ,ADV -,И
37611,,это,ЭТО,SPRO n - nom sg,,, И кстати _это_ все вина Черчеля,о,т,э,,,,SPRO,ЭТО,S n - nom sg,О
37612,,все,ВСЕ,SPRO - nom pl - -,,,И кстати это _все_ вина Черчеля .,е,с,в,,,,APRO,ВЕСЬ,A - nom pl plen - -,Е
37613,,вина,ВИНА,S f inan nom sg,,,кстати это все _вина_ Черчеля . ,а,н,и,в,,,S,ВИНА,S n inan nom pl,А
37614,,Черчеля,ЧЕРЧИЛЬ,S m anim nom sg,distort,,это все вина _Черчеля_ .  ,я,л,е,ч,р,е,S,ЧЕРЧЕЛЬ,S m anim nom sg,Ь
37615,,.,.,PUNCT,,,,,,,,,,PUNCT,,,
37616,,,,,,,,,,,,,,,,,
37617,# sent = 2808,,,,,,,,,,,,,,,,
37618,,Вот,ВОТ,PART,,,.   _Вот_ такие дела .,т,о,в,,,,PART,ВОТ,PART,Т
37619,,такие,ТАКОЙ,APRO - nom pl plen - -,,,  Вот _такие_ дела . ,е,и,к,а,т,,APRO,ТАКОЙ,A - nom pl plen - -,Й
37620,,дела,ДЕЛО,S n inan nom pl,,, Вот такие _дела_ .  ,а,л,е,д,,,S,ДЕЛО,S n inan nom pl,О
37621,,.,.,PUNCT,,,,,,,,,,PUNCT,,,